filename,core_id,qmof_id
ABAVIJ,ABAVIJ_clean,qmof-830ed1c
ABAVOP,ABAVOP_clean,qmof-5bd4a24
ABEXEM,ABEXEM_clean,qmof-780219c
ABEXOW,ABEXOW_clean,qmof-4d61b4b
ABEXUC,ABEXUC_clean,qmof-d382d2b
ABEYAJ,ABEYAJ_clean,qmof-7fb7872
ABEYEN,ABEYEN_clean,qmof-be4d084
ABEYIR,ABEYIR_clean,qmof-2b207a3
ABUXUT,ABUXUT_clean,qmof-0e1877f
ACAJOF,ACAJOF_clean,qmof-7a7e541
ACENIF,ACENIF_clean,qmof-6c434d5
ACOLIP,ACOLIP_clean,qmof-355e9d2
ACOLUB,ACOLUB_clean,qmof-51eaa24
ADABAK,ADABAK_clean,qmof-2a526c0
ADABUE,ADABUE_clean,qmof-49a800c
ADEGIA01,ADEGIA01_clean,qmof-3a7d3be
ADIQEL,ADIQEL_clean,qmof-fb7f2ef
ADODII,ADODII_clean,qmof-9eeead2
ADODOO,ADODOO_clean,qmof-bc3f92f
ADODUU,ADODUU_clean,qmof-b8ef732
AFITEP,AFITEP_clean,qmof-7d89f40
AFITIT,AFITIT_clean,qmof-961be1d
AFOTUL,AFOTUL_clean,qmof-de9ead6
AFOVAT,AFOVAT_clean,qmof-30a8228
AFOVEX,AFOVEX_clean,qmof-456d03e
AFOVOH,AFOVOH_clean,qmof-9897045
AFUKAP,AFUKAP_clean,qmof-f5afc17
AGIMOU,AGIMOU_clean,qmof-f0bdd71
AHINIP,AHINIP_clean,qmof-d497239
AJIMEN,AJIMEN_clean,qmof-83e5a32
AJOVEB,AJOVEB_clean,qmof-171d834
AJUNOK,AJUNOK_clean,qmof-6da396d
AKAYIV,AKAYIV_clean,qmof-6585ef5
AKUHOD01,AKUHOD01_clean,qmof-39e1d7d
ALATAK,ALATAK_clean,qmof-91a16d8
ALOLIY,ALOLIY_clean,qmof-70d5ada
ALUJUN,ALUJUN_clean,qmof-13af5eb
ALUKAU,ALUKAU_clean,qmof-e212836
ALUKOI,ALUKOI_clean,qmof-af71c28
ALUKUO,ALUKUO_clean,qmof-6d579f1
ALULAV,ALULAV_clean,qmof-83aa673
AMIKOX,AMIKOX_clean,qmof-9968ce6
AMILUE,AMILUE_clean,qmof-43ef3a1
AMOYOR,AMOYOR_clean,qmof-9964e9d
AMOZAE,AMOZAE_clean,qmof-854b146
AMUCOB,AMUCOB_clean,qmof-bc8c13d
AMUFIZ,AMUFIZ_clean,qmof-6759cff
AMUFOF,AMUFOF_clean,qmof-f251d7a
AMUPOP,AMUPOP_clean,qmof-0f25b5a
ANAWIX,ANAWIX_clean,qmof-68cbbe0
ANAWOD,ANAWOD_clean,qmof-5c01e0f
APAYOH,APAYOH_clean,qmof-02f386f
APAZEY,APAZEY_clean,qmof-1ae3a52
APAZIC,APAZIC_clean,qmof-fcc3039
APAZOI,APAZOI_clean,qmof-dccfdea
APEBEE,APEBEE_clean,qmof-ec9d083
APETAS,APETAS_clean,qmof-f16d368
ARAJEK,ARAJEK_clean,qmof-1b788d8
ARAJIO,ARAJIO_clean,qmof-fc3bd04
ARAJOU,ARAJOU_clean,qmof-469b6f3
ARAKAH,ARAKAH_clean,qmof-e6c9e36
ARIBOS,ARIBOS_clean,qmof-4a1e9e7
ASALIP,ASALIP_clean,qmof-3b6652e
ASEJOZ01,ASEJOZ01_clean,qmof-6e5f0d6
ASINAT,ASINAT_clean,qmof-c2f7da3
ASOYOY,ASOYOY_clean,qmof-f8dd514
ATIBOU,ATIBOU_clean,qmof-bbea870
ATIBUA,ATIBUA_clean,qmof-15701ff
ATIRUS,ATIRUS_clean,qmof-b1c70fd
ATOBIW,ATOBIW_clean,qmof-56ad7f4
ATOBOC,ATOBOC_clean,qmof-83e8959
ATOTIM,ATOTIM_clean,qmof-b6b91b1
ATOXEN,ATOXEN_clean,qmof-bc36f56
AVAQIX01,AVAQIX01_clean,qmof-361489d
AVEHAM,AVEHAM_clean,qmof-b446b2d
AVEMOE,AVEMOE_clean,qmof-221bac5
AVEROJ,AVEROJ_clean,qmof-85a47a8
AVESOL,AVESOL_clean,qmof-6f7fc4a
AVIMOI,AVIMOI_clean,qmof-f936989
AVIMUO,AVIMUO_clean,qmof-8b5ef75
AWEXOR,AWEXOR_clean,qmof-eaee57b
AWEXUX,AWEXUX_clean,qmof-faf2699
AWIBAL,AWIBAL_clean,qmof-1d20a91
AXICOB,AXICOB_clean,qmof-22d5639
AXIPEE03,AXIPEE03_clean,qmof-5947f65
AYOXUJ,AYOXUJ_clean,qmof-306aa03
AYUWUM,AYUWUM_clean,qmof-7527a5f
AZIXUD,AZIXUD_clean,qmof-59103c5
BACGAQ,BACGAQ_clean,qmof-d29b685
BACMOH10,BACMOH10_clean,qmof-1fe6988
BADHIA,BADHIA_clean,qmof-876addd
BADHUM,BADHUM_clean,qmof-3a3a471
BADJAU,BADJAU_clean,qmof-3c2f047
BADXUC,BADXUC_clean,qmof-a40eb47
BADYAJ,BADYAJ_clean,qmof-ba25365
BAFKUR,BAFKUR_clean,qmof-248f738
BAHGUN01,BAHGUN01_clean,qmof-c7fd3ba
BAKJII,BAKJII_clean,qmof-f7fc9af
BALMUW01,BALMUW01_clean,qmof-f2fac68
BANMAG,BANMAG_clean,qmof-22c4bad
BASSOF,BASSOF_clean,qmof-a3c4a06
BASTIA,BASTIA_clean,qmof-fdf59ed
BEGBOG,BEGBOG_clean,qmof-b59ec06
BENXOJ,BENXOJ_clean,qmof-705ad5b
BEPLUF,BEPLUF_clean,qmof-e2ca7ec
BEPMEQ,BEPMEQ_clean,qmof-a1e2a57
BEPNOB,BEPNOB_clean,qmof-c3787ee
BEPNUH,BEPNUH_clean,qmof-c21278c
BEPPIX,BEPPIX_clean,qmof-6f5b20c
BEPPOD,BEPPOD_clean,qmof-0192eb2
BEPVAV,BEPVAV_clean,qmof-1a6c50b
BEPVEZ,BEPVEZ_clean,qmof-19b5170
BEPVID,BEPVID_clean,qmof-5f0dd01
BEPVOJ,BEPVOJ_clean,qmof-be911ac
BEPVOJ01,BEPVOJ01_clean,qmof-d2fb81a
BERFIP,BERFIP_clean,qmof-7a0465a
BERGAI,BERGAI_clean,qmof-86bac97
BEVQID,BEVQID_clean,qmof-70ee38e
BEXRUT,BEXRUT_clean,qmof-eda13fa
BIBBUL,BIBBUL_clean,qmof-b94f35d
BIQHEQ,BIQHEQ_clean,qmof-992689e
BIYTEJ,BIYTEJ_clean,qmof-1580705
BOFCEG,BOFCEG_clean,qmof-1de40a5
BOHGOU,BOHGOU_clean,qmof-f621598
BOJYIK,BOJYIK_clean,qmof-f57a76b
BONMAT,BONMAT_clean,qmof-e91bdca
BONMEX,BONMEX_clean,qmof-898e6ca
BONNIC,BONNIC_clean,qmof-87a7ada
BONWIL,BONWIL_clean,qmof-c2e7f00
BOTCEU,BOTCEU_clean,qmof-825793e
BOWQAG,BOWQAG_SL,qmof-17ee812
BOZFIH,BOZFIH_clean,qmof-2adc999
BUCVEC,BUCVEC_clean,qmof-a433ce3
BUDDIO,BUDDIO_clean,qmof-069478f
BUKTAE,BUKTAE_clean,qmof-15f1bb8
BUKYAJ,BUKYAJ_clean,qmof-4050181
BUSGIG,BUSGIG_clean,qmof-e867a05
BUSGOM,BUSGOM_clean,qmof-a8294e1
BUSMUY,BUSMUY_clean,qmof-4b1ef88
BUSQEM,BUSQEM_clean,qmof-40b01a1
BUSQIQ,BUSQIQ_clean,qmof-9af4bae
BUSQUC,BUSQUC_clean,qmof-70475c6
BUVWOF03,BUVWOF03_clean,qmof-c861c48
BUVXOG01,BUVXOG01_clean,qmof-b0402ac
BUVYIB,BUVYIB_clean,qmof-a8ea913
BUWGAC,BUWGAC_clean,qmof-7587354
BUWGEG,BUWGEG_clean,qmof-98faec6
BUYDAC,BUYDAC_clean,qmof-68a1a29
BUYDEG,BUYDEG_clean,qmof-4d5bb8c
CABJEX,CABJEX_clean,qmof-19f76d2
CACKEZ,CACKEZ_clean,qmof-be63846
CADZIT,CADZIT_clean,qmof-fbc9303
CATART03,CATART03_clean,qmof-99155ad
CAVRAU,CAVRAU_clean,qmof-cde9aa1
CAVREY,CAVREY_clean,qmof-d1e9881
CAWGAJ,CAWGAJ_clean,qmof-8082407
CAXVII,CAXVII_clean,qmof-efc74fb
CAYBAH01,CAYBAH01_clean,qmof-493416b
CAYDIR,CAYDIR_clean,qmof-b96a6b3
CAYSOK,CAYSOK_clean,qmof-07f54ba
CAZFOA,CAZFOA_clean,qmof-93ffe42
CAZGIT,CAZGIT_clean,qmof-fb16de9
CDLGLU10,CDLGLU10_clean,qmof-4625837
CECVIQ,CECVIQ_clean,qmof-4bdff9f
CECYOY,CECYOY_clean,qmof-02d2885
CEDFIC,CEDFIC_clean,qmof-7fae0e3
CEGDUO,CEGDUO_clean,qmof-918bad7
CEHWIX,CEHWIX_clean,qmof-81003ca
CEHWOD,CEHWOD_clean,qmof-96f42f3
CEHZAR,CEHZAR_clean,qmof-1cce90f
CEHZAR01,CEHZAR01_clean,qmof-5947a96
CELZEA,CELZEA_clean,qmof-67a59c5
CESYEF01,CESYEF01_clean,qmof-489edf7
CETFUD,CETFUD_clean,qmof-863257c
CETVAA,CETVAA_clean,qmof-ad847be
CEYPUT01,CEYPUT01_clean,qmof-8a8743f
CIGYAU,CIGYAU_clean,qmof-35152b7
CIJBEE,CIJBEE_clean,qmof-772110c
CIJVOH,CIJVOH_clean,qmof-a07cb94
CILDAD,CILDAD_clean,qmof-6b0b16d
CILKOZ,CILKOZ_clean,qmof-12eec1c
CIMFUB,CIMFUB_clean,qmof-1bb0dd9
CIZMIJ,CIZMIJ_clean,qmof-71e491b
CODFEH,CODFEH_clean,qmof-a7e6a8e
CODSOF,CODSOF_clean,qmof-bf4d30a
COJMOF01,COJMOF01_clean,qmof-9f8ac71
COKMEW,COKMEW_clean,qmof-2a46038
COKMIA,COKMIA_clean,qmof-628d416
COKMOG,COKMOG_clean,qmof-20e8389
COKMUM,COKMUM_clean,qmof-0a513ec
COKNAT,COKNAT_clean,qmof-4268a9c
COKNIB,COKNIB_clean,qmof-b46c098
COKNOH,COKNOH_clean,qmof-41c3d42
COKNUN01,COKNUN01_clean,qmof-75309dd
COKPEZ,COKPEZ_clean,qmof-2264c2b
COKPID,COKPID_clean,qmof-dd7e83f
COKPOJ,COKPOJ_clean,qmof-ff552fc
COKPUP,COKPUP_clean,qmof-5c82433
COKXIL,COKXIL_clean,qmof-cc550ed
COMZAH,COMZAH_clean,qmof-d028d70
COSMII,COSMII_clean,qmof-820eea9
COWRIR,COWRIR_clean,qmof-a59ed25
COXCOJ,COXCOJ_clean,qmof-cbb6c08
COXDEA,COXDEA_clean,qmof-0c80dbf
COXQUB,COXQUB_clean,qmof-9d2e66b
COYCEZ,COYCEZ_clean,qmof-70a1fa1
CUBBEI,CUBBEI_clean,qmof-26c23d6
CUCSAU,CUCSAU_clean,qmof-c025390
CUCTAX,CUCTAX_clean,qmof-1a97136
CUFGOB,CUFGOB_clean,qmof-06b7b00
CUFGUH,CUFGUH_clean,qmof-4a5df1e
CUGFAN01,CUGFAN01_clean,qmof-e9351eb
CUGFOB,CUGFOB_clean,qmof-abf5294
CUGFUH,CUGFUH_clean,qmof-509d624
CUGLTM01,CUGLTM01_clean,qmof-4366c64
CUGVUW,CUGVUW_clean,qmof-749e21d
CUHPUR,CUHPUR_clean,qmof-91c931c
CUKZOY,CUKZOY_clean,qmof-8782178
CUMJEB,CUMJEB_clean,qmof-1b305ca
CUMMEE,CUMMEE_clean,qmof-59f49ee
CUNFOH01,CUNFOH01_clean,qmof-b93ab48
CUQRIR,CUQRIR_clean,qmof-c1b5346
CUQRUD,CUQRUD_clean,qmof-13a76dd
CUTKOS,CUTKOS_clean,qmof-571982f
CUVTUJ,CUVTUJ_clean,qmof-897b9d2
CUWNIT,CUWNIT_clean,qmof-dae4e5a
CUYHIO,CUYHIO_clean,qmof-7682d7e
CUYQIX,CUYQIX_clean,qmof-b4e92f2
CUYRUK,CUYRUK_clean,qmof-b825a82
DABWUA,DABWUA_clean,qmof-b936542
DACXOV,DACXOV_clean,qmof-35c6fe6
DACXUB,DACXUB_clean,qmof-b6828e3
DACYAI,DACYAI_clean,qmof-ecf7500
DADKUR,DADKUR_clean,qmof-fdcecf4
DAFSOV,DAFSOV_clean,qmof-8aef2c6
DAFZAO,DAFZAO_clean,qmof-f719f24
DAJHUS,DAJHUS_clean,qmof-337495d
DALSUH,DALSUH_clean,qmof-bd6a27b
DALVAQ,DALVAQ_clean,qmof-a62568c
DAMZEZ,DAMZEZ_clean,qmof-790ac3d
DANFUW,DANFUW_clean,qmof-ce62fdc
DAPHOU,DAPHOU_clean,qmof-5014204
DATHAJ,DATHAJ_clean,qmof-9c36ca3
DAVYEG,DAVYEG_clean,qmof-6dfa47c
DAWCAH,DAWCAH_clean,qmof-be23234
DAWCOV,DAWCOV_clean,qmof-f2717c4
DAWDAI,DAWDAI_clean,qmof-5ea9819
DAWWIJ,DAWWIJ_clean,qmof-f9b83bc
DEFKUU,DEFKUU_clean,qmof-dc4925e
DEHLAF,DEHLAF_clean,qmof-a34800e
DEHLIN,DEHLIN_clean,qmof-6d06fe8
DEJJIN,DEJJIN_clean,qmof-40d9081
DEJROB,DEJROB_clean,qmof-2ebec34
DEKHEH,DEKHEH_clean,qmof-99c6d96
DEKHUX,DEKHUX_clean,qmof-33863c7
DENKOX,DENKOX_clean,qmof-d12d0a0
DEQVIF,DEQVIF_clean,qmof-ea7c781
DEYCAN,DEYCAN_clean,qmof-4d1f71a
DEYJIC,DEYJIC_clean,qmof-62c9574
DEYVUA,DEYVUA_clean,qmof-ead1cf2
DEYXIQ,DEYXIQ_clean,qmof-39217f4
DEZKAW,DEZKAW_clean,qmof-0564294
DIBWUI,DIBWUI_clean,qmof-8f835a4
DIBXAP,DIBXAP_clean,qmof-d0a1c03
DIBXOD,DIBXOD_clean,qmof-3e7238d
DIDBEZ,DIDBEZ_clean,qmof-eac83e1
DIDDOK,DIDDOK_clean,qmof-037d5ed
DIMDAG,DIMDAG_clean,qmof-ba7121a
DIMQEX,DIMQEX_clean,qmof-23596df
DIMQOH,DIMQOH_clean,qmof-983687c
DINNIZ,DINNIZ_clean,qmof-b604c6b
DITTEH,DITTEH_clean,qmof-9204cbe
DIXJIF,DIXJIF_clean,qmof-44dcbfb
DIYTEM,DIYTEM_clean,qmof-0d90510
DOCKOW,DOCKOW_clean,qmof-9a2ffb6
DOGZIJ,DOGZIJ_clean,qmof-377ea80
DOJXEH,DOJXEH_clean,qmof-d7fd1e2
DOKDEN,DOKDEN_clean,qmof-62539f9
DONNEA,DONNEA_clean,qmof-071a36b
DONXUB,DONXUB_clean,qmof-2b9efc6
DOQGUM,DOQGUM_clean,qmof-b6afd57
DOQHEX,DOQHEX_clean,qmof-bf6dcca
DOQHIB,DOQHIB_clean,qmof-694a583
DOQHOH,DOQHOH_clean,qmof-70589ac
DOQRUW,DOQRUW_clean,qmof-cbdba45
DORFOG,DORFOG_clean,qmof-9dca13d
DORYUG,DORYUG_clean,qmof-41a9f24
DOTHUR,DOTHUR_clean,qmof-9c92382
DOTSOV01,DOTSOV01_clean,qmof-8b5bb88
DOTWAL,DOTWAL_clean,qmof-fa30668
DOYBEA,DOYBEA_clean,qmof-a9be673
DOYBUQ01,DOYBUQ01_clean,qmof-d0bf550
DOYLAE,DOYLAE_clean,qmof-4d9a98c
DUBJUH,DUBJUH_clean,qmof-ac07b32
DUBKAO,DUBKAO_clean,qmof-aa12b02
DUFXOT,DUFXOT_clean,qmof-25d67cf
DUJRAD,DUJRAD_clean,qmof-1681ab3
DUKMON,DUKMON_clean,qmof-fd73264
DUKNII,DUKNII_clean,qmof-572876c
DUKYIT,DUKYIT_clean,qmof-baebcf8
DUKYOZ,DUKYOZ_clean,qmof-9286298
DUMXEQ01,DUMXEQ01_clean,qmof-2a6bcbd
DUPKEG,DUPKEG_clean,qmof-abefd60
DUQCAU01,DUQCAU01_clean,qmof-6bc1251
DUQNOU,DUQNOU_clean,qmof-5b71479
DUQSEO,DUQSEO_clean,qmof-71f390e
DURDAX,DURDAX_clean,qmof-e89799e
DUTJUZ,DUTJUZ_clean,qmof-bb08fda
DUTLAH,DUTLAH_clean,qmof-13bee8a
DUXSUM,DUXSUM_clean,qmof-9417e42
DUYVEA,DUYVEA_clean,qmof-ebd2330
DUZPUL,DUZPUL_clean,qmof-9dc5e14
DUZWOM,DUZWOM_clean,qmof-82d634f
EBAMOL,EBAMOL_clean,qmof-32d0b5f
EBANAY,EBANAY_clean,qmof-05c2fce
EBAWIQ,EBAWIQ_clean,qmof-a7b69c7
EBEMEE,EBEMEE_clean,qmof-9a3d32f
EBEMII,EBEMII_clean,qmof-150491a
EBEWOZ01,EBEWOZ01_clean,qmof-04009cb
EBEXEQ01,EBEXEQ01_clean,qmof-905149a
EBIPOX,EBIPOX_clean,qmof-24c5a37
EBISEQ,EBISEQ_clean,qmof-a80bb05
EBOBUV,EBOBUV_clean,qmof-2323e49
EBOCOQ,EBOCOQ_clean,qmof-f8a29f1
ECAHUN,ECAHUN_clean,qmof-d77d3f0
ECEDEY,ECEDEY_clean,qmof-6226f23
ECIWOC,ECIWOC_clean,qmof-1e4d669
ECUTON,ECUTON_clean,qmof-4428f7e
EDABOC,EDABOC_clean,qmof-c9a1282
EFEGOM,EFEGOM_clean,qmof-8289b9b
EGATOW,EGATOW_clean,qmof-9e14afc
EHAFEA,EHAFEA_clean,qmof-ff4f709
EHAFOK,EHAFOK_clean,qmof-3b648fa
EHAFUQ,EHAFUQ_clean,qmof-63d90f9
EHAGAX,EHAGAX_clean,qmof-9821670
EHAGIF,EHAGIF_clean,qmof-d2b3713
EHAGOL,EHAGOL_clean,qmof-176c460
EHAGUR,EHAGUR_clean,qmof-0d21efa
EHIJAH,EHIJAH_clean,qmof-dd310f8
EHOJES,EHOJES_clean,qmof-0922e10
EHOJIW,EHOJIW_clean,qmof-67a28c5
EHUFAP,EHUFAP_clean,qmof-f9909c4
EJAXIW,EJAXIW_clean,qmof-e8386b2
EJEFOP,EJEFOP_clean,qmof-248bc84
EJIBOQ,EJIBOQ_clean,qmof-13989ad
EJIBUW,EJIBUW_clean,qmof-0a524db
EJIDUW02,EJIDUW02_clean,qmof-dad3c8f
EJOGOZ,EJOGOZ_clean,qmof-e2af422
EJONOH,EJONOH_clean,qmof-f1d2d60
EJULUS,EJULUS_clean,qmof-b618011
EKEHUZ,EKEHUZ_clean,qmof-15fda22
EKIJAL,EKIJAL_clean,qmof-1750ab0
EKOKIA,EKOKIA_clean,qmof-36a096b
EKOMEY,EKOMEY_clean,qmof-41ca5a1
EKOPOK,EKOPOK_clean,qmof-585047f
ELAFUT,ELAFUT_clean,qmof-5f57dd4
ELOHOE,ELOHOE_clean,qmof-7e65c9f
ELUJAY,ELUJAY_clean,qmof-ea9b980
ELUJEC,ELUJEC_clean,qmof-def2d98
EMAMOW,EMAMOW_clean,qmof-7c0089b
EMAMUC,EMAMUC_clean,qmof-3bddfea
EMITUQ01,EMITUQ01_clean,qmof-3b556a3
EMIVAY,EMIVAY_clean,qmof-15271a7
EMIYUW,EMIYUW_clean,qmof-9bfdab6
EMOFIX,EMOFIX_clean,qmof-a5a2ea2
EMOHIZ,EMOHIZ_clean,qmof-06bc0e5
ENANIS,ENANIS_clean,qmof-7bfb29d
ENAQER,ENAQER_clean,qmof-05305ab
ENISUQ,ENISUQ_clean,qmof-e095792
EPEWAY01,EPEWAY01_clean,qmof-b3dd2cb
EQETAX,EQETAX_clean,qmof-d17a645
EQIWAD,EQIWAD_clean,qmof-8878ef9
EQOCIW,EQOCIW_clean,qmof-fd9d828
EQUBIC,EQUBIC_clean,qmof-dc53cfd
EQUBUO,EQUBUO_clean,qmof-c86ad7c
EROJUS,EROJUS_clean,qmof-cf916d7
EROJUS02,EROJUS02_clean,qmof-b482863
ERUVEU,ERUVEU_clean,qmof-0beae43
ESARAT,ESARAT_clean,qmof-f191a19
ESAROH,ESAROH_clean,qmof-4412024
ESARUN,ESARUN_clean,qmof-bbbaa5a
ESEDAJ,ESEDAJ_clean,qmof-ce87519
ESEHIV,ESEHIV_clean,qmof-6bcc359
ESIFIX,ESIFIX_clean,qmof-bb4d5bb
ESIPUR02,ESIPUR02_clean,qmof-fc8a9d4
ESIYEM,ESIYEM_clean,qmof-29be2c9
ESUMOU,ESUMOU_clean,qmof-31b35f6
ESURER04,ESURER04_clean,qmof-191e06e
ESUSAO01,ESUSAO01_clean,qmof-6328652
ESUSOC01,ESUSOC01_clean,qmof-a48e6cb
ESUSOC02,ESUSOC02_clean,qmof-d079e7b
ESUTIX,ESUTIX_clean,qmof-aa7cb37
ETEJUJ,ETEJUJ_clean,qmof-c5d2cf9
ETEKAQ,ETEKAQ_clean,qmof-fbb4304
ETEKEU,ETEKEU_clean,qmof-5c6b152
ETEMIB,ETEMIB_clean,qmof-e6c4516
ETESIG,ETESIG_clean,qmof-e8ca785
ETIXEM,ETIXEM_clean,qmof-52d6820
EVOMOR01,EVOMOR01_clean,qmof-737c2ac
EVUNOY,EVUNOY_clean,qmof-8f1bc5a
EVUQOC,EVUQOC_clean,qmof-44ae5b4
EWALUK,EWALUK_clean,qmof-a37cb61
EWESIJ,EWESIJ_clean,qmof-8c02759
EWOVET,EWOVET_clean,qmof-ce72413
EWUCOP,EWUCOP_clean,qmof-aa35cfd
EXIBUI,EXIBUI_clean,qmof-5f50532
EXOZEX,EXOZEX_clean,qmof-c1eb32e
EXUHEM,EXUHEM_clean,qmof-b4be939
EXUHUC,EXUHUC_clean,qmof-afcc0ad
EXUMOZ,EXUMOZ_clean,qmof-ba95831
EYIYES,EYIYES_clean,qmof-d0c1d4b
EYOJOT,EYOJOT_clean,qmof-4f4c777
EYOPOY,EYOPOY_clean,qmof-a7528b2
EYOPUE,EYOPUE_clean,qmof-f3922f0
EYOQAL,EYOQAL_clean,qmof-824dc63
EYOQEP,EYOQEP_clean,qmof-ca6d033
EYULOA,EYULOA_clean,qmof-4ea4482
EZABEN,EZABEN_clean,qmof-efb2482
EZEQEH,EZEQEH_clean,qmof-700998f
EZEQOR,EZEQOR_clean,qmof-538a1b9
EZEQUX,EZEQUX_clean,qmof-12f0ca2
EZIMAC,EZIMAC_clean,qmof-d6b75cb
EZUCIM,EZUCIM_clean,qmof-90849c1
EZUCOS,EZUCOS_SL,qmof-306dc0f
EZULAO,EZULAO_clean,qmof-4b62488
FAFDEX,FAFDEX_clean,qmof-2f35f0d
FAFMAC,FAFMAC_clean,qmof-e4c0eb6
FAGFUQ,FAGFUQ_clean,qmof-82ec815
FAGXIX,FAGXIX_clean,qmof-f81b336
FALDAA,FALDAA_clean,qmof-c4bcebc
FALQIU,FALQIU_clean,qmof-e97bef9
FALTUK,FALTUK_clean,qmof-8bf6708
FAMQES,FAMQES_clean,qmof-3c3b297
FANPAO,FANPAO_clean,qmof-907de5a
FANWOI,FANWOI_clean,qmof-86def04
FAPTIB,FAPTIB_clean,qmof-ea9f5eb
FAPTOH,FAPTOH_clean,qmof-12afd16
FAPTUN,FAPTUN_clean,qmof-bb6d616
FAPVAV,FAPVAV_clean,qmof-5f6e986
FAPYEA04,FAPYEA04_clean,qmof-65535b4
FAQLER,FAQLER_clean,qmof-b7e8d07
FAQVEA,FAQVEA_clean,qmof-810a1c3
FASHAK,FASHAK_clean,qmof-0be5a6f
FATLUJ,FATLUJ_clean,qmof-48ff45a
FAVGAN,FAVGAN_clean,qmof-7c8be25
FAVGIV,FAVGIV_clean,qmof-7b18880
FAVGUH,FAVGUH_clean,qmof-5edfb51
FAVHES,FAVHES_clean,qmof-5b082ad
FAVZEJ,FAVZEJ_clean,qmof-8c50340
FAZPED,FAZPED_clean,qmof-1023a71
FEDBEX,FEDBEX_clean,qmof-bec2181
FEHCOM,FEHCOM_clean,qmof-9c2a24b
FEQSIF,FEQSIF_clean,qmof-7e18d4e
FERVOP,FERVOP_clean,qmof-34904e2
FESBIQ,FESBIQ_clean,qmof-9ec9550
FEVDER,FEVDER_clean,qmof-a32d5ff
FEVDIV,FEVDIV_clean,qmof-a45536d
FEXCES,FEXCES_clean,qmof-1f43ca5
FEXHOG,FEXHOG_clean,qmof-7e7aff4
FIBHIJ,FIBHIJ_clean,qmof-11869b4
FIFMUE,FIFMUE_clean,qmof-986df6a
FIFPAM,FIFPAM_clean,qmof-f7bdc4d
FIGQUJ,FIGQUJ_clean,qmof-acebfa5
FIGXAU,FIGXAU_clean,qmof-e9a379a
FIGXAW,FIGXAW_clean,qmof-6536a93
FIGXEY,FIGXEY_clean,qmof-d1be428
FIHFAF,FIHFAF_clean,qmof-556e3bc
FIHLUF,FIHLUF_clean,qmof-4ef6d73
FIHXUR,FIHXUR_clean,qmof-dd3ddad
FIJCUX01,FIJCUX01_clean,qmof-444a648
FIJFUA,FIJFUA_clean,qmof-caee757
FIMXUW,FIMXUW_clean,qmof-162aabd
FIPWOS,FIPWOS_clean,qmof-86c4ff7
FIPXEJ,FIPXEJ_clean,qmof-8469b3a
FIQYOU,FIQYOU_clean,qmof-f64021c
FIQZEM,FIQZEM_clean,qmof-ef0fc9a
FIVNAZ,FIVNAZ_clean,qmof-25323e3
FIVYUF,FIVYUF_clean,qmof-0e3acfe
FIZYAQ,FIZYAQ_clean,qmof-6a840fe
FOBCIK,FOBCIK_clean,qmof-b62b6d8
FOCYUT,FOCYUT_clean,qmof-f879f69
FODCEI,FODCEI_clean,qmof-0ba1320
FOFCUA,FOFCUA_clean,qmof-9d582e8
FOHCAH,FOHCAH_clean,qmof-32c25b7
FOHCIP,FOHCIP_clean,qmof-ab17fad
FOHSAW01,FOHSAW01_clean,qmof-0cbcc26
FOJKIA,FOJKIA_clean,qmof-27df7c3
FOJVUX,FOJVUX_clean,qmof-4f9ba78
FOKWIN,FOKWIN_clean,qmof-7301cfb
FOKYEL,FOKYEL_clean,qmof-d9b6caf
FOKYIP,FOKYIP_clean,qmof-c242443
FONKEA,FONKEA_clean,qmof-d932d4d
FOPWEO,FOPWEO_manual,qmof-60b5172
FUBTUT,FUBTUT_clean,qmof-2c173c2
FUDQIF,FUDQIF_clean,qmof-3b672a9
FUFVAF,FUFVAF_clean,qmof-cf4c03c
FULYIW,FULYIW_clean,qmof-a11ead1
FUMHEC,FUMHEC_clean,qmof-2805614
FUNBAS,FUNBAS_clean,qmof-1034731
FUNBEW,FUNBEW_clean,qmof-637e6e5
FUNBOG,FUNBOG_clean,qmof-9d2a0e4
FURFOP,FURFOP_clean,qmof-0ab5c05
FURQOZ01,FURQOZ01_ion_b,qmof-c6e68a4
FURSAN,FURSAN_ion_b,qmof-c933b3d
FURSES,FURSES_clean,qmof-759863e
FUSYUO,FUSYUO_clean,qmof-7d69ad1
FUYYAA,FUYYAA_clean,qmof-ae58b33
FUZKAN,FUZKAN_clean,qmof-727436c
GACPUX,GACPUX_clean,qmof-677882a
GACVIS,GACVIS_clean,qmof-8367b96
GACYAN,GACYAN_clean,qmof-ec8cd79
GADDOH,GADDOH_clean,qmof-b4d71b5
GADMAA01,GADMAA01_clean,qmof-91186d0
GADMUW,GADMUW_clean,qmof-04c1119
GAHPEN,GAHPEN_clean,qmof-7a0e225
GAJTOC,GAJTOC_clean,qmof-c6f02b4
GAJZAU,GAJZAU_clean,qmof-f2b28c5
GAJZEY,GAJZEY_clean,qmof-c06b2a6
GAJZIC,GAJZIC_clean,qmof-77f5506
GAJZOI,GAJZOI_clean,qmof-3f264ce
GAJZUO,GAJZUO_clean,qmof-f23f12a
GALBUS,GALBUS_clean,qmof-625c1df
GALCED,GALCED_clean,qmof-88ba9a2
GARQEY,GARQEY_clean,qmof-97c3e6f
GASROK,GASROK_clean,qmof-bb6a3b9
GASSUR,GASSUR_clean,qmof-ec54d11
GATHAL,GATHAL_clean,qmof-0ceea80
GAWCUF,GAWCUF_clean,qmof-472da64
GAWRED,GAWRED_clean,qmof-2fd7be7
GAXGET01,GAXGET01_clean,qmof-eb4d8ca
GAXGIX,GAXGIX_clean,qmof-15c4a0c
GAXGOD,GAXGOD_clean,qmof-8624330
GEDLIM,GEDLIM_clean,qmof-74178b4
GEDRAK,GEDRAK_clean,qmof-d238a9a
GEDRIS,GEDRIS_clean,qmof-48fe306
GEDSAL,GEDSAL_clean,qmof-f498a6b
GEFZAU,GEFZAU_clean,qmof-68e1336
GELJAJ,GELJAJ_clean,qmof-b680c55
GELVEZ01,GELVEZ01_clean,qmof-d7404eb
GELVEZ02,GELVEZ02_clean,qmof-305af65
GELVID,GELVID_clean,qmof-af43c12
GELVID01,GELVID01_clean,qmof-9c0d1a4
GEPDEM,GEPDEM_clean,qmof-70a0b2b
GERNOI,GERNOI_clean,qmof-a36b4c6
GETXAG01,GETXAG01_clean,qmof-1d6569c
GIQXIO,GIQXIO_clean,qmof-d0ad78c
GIQXOU,GIQXOU_clean,qmof-6a2f4c9
GIQXUA,GIQXUA_clean,qmof-a820aa0
GIQYAH,GIQYAH_clean,qmof-ec24300
GIQYEL,GIQYEL_clean,qmof-31ce794
GIQYIP,GIQYIP_clean,qmof-1e91b84
GIQYOV,GIQYOV_clean,qmof-ba3ef1c
GIQYUB,GIQYUB_clean,qmof-308fadd
GIRDUI,GIRDUI_clean,qmof-8925726
GIRGUL,GIRGUL_clean,qmof-a239802
GIRYIR,GIRYIR_clean,qmof-7955c68
GISWEM,GISWEM_clean,qmof-98d4a6a
GITTIN,GITTIN_clean,qmof-8c0809c
GITZAM,GITZAM_clean,qmof-bf1dda8
GIVDUL,GIVDUL_clean,qmof-3d0d93c
GIWMOP,GIWMOP_clean,qmof-e4d19f2
GIWMUV,GIWMUV_clean,qmof-5a2aa24
GIXNAE,GIXNAE_clean,qmof-fdeb493
GIYJAB,GIYJAB_clean,qmof-830caa3
GIYSAJ,GIYSAJ_clean,qmof-688828e
GIYTEO,GIYTEO_clean,qmof-75bdb93
GOJDOZ,GOJDOZ_clean,qmof-1d0d16f
GOLQII,GOLQII_clean,qmof-bc37b20
GOMFUL,GOMFUL_clean,qmof-7e5b02e
GONNAA,GONNAA_clean,qmof-fad40f9
GONTAG,GONTAG_clean,qmof-a67f501
GOQXAN,GOQXAN_clean,qmof-f32d2f0
GOYXAV,GOYXAV_clean,qmof-70e0ff9
GOYXID,GOYXID_clean,qmof-9bcf7b3
GOYXOJ,GOYXOJ_clean,qmof-b5fc143
GOYXUP,GOYXUP_clean,qmof-9f99f89
GOYYAW,GOYYAW_clean,qmof-bb8b1ce
GOYYEA,GOYYEA_clean,qmof-35e46f1
GOYYIE,GOYYIE_clean,qmof-26406d0
GUBVUU,GUBVUU_clean,qmof-22c2e9c
GUFBOA,GUFBOA_clean,qmof-b439f25
GUFQIJ,GUFQIJ_clean,qmof-7e6dc97
GUFXEM,GUFXEM_clean,qmof-75d19c9
GUHNUU,GUHNUU_clean,qmof-07ff199
GULPIN,GULPIN_clean,qmof-f0ff70c
GUMDEZ,GUMDEZ_clean,qmof-0523aea
GUPBEZ01,GUPBEZ01_clean,qmof-945b6a5
GUPCUQ01,GUPCUQ01_clean,qmof-d53eb5d
GUPRIU,GUPRIU_clean,qmof-47c58b4
GUQWOG,GUQWOG_clean,qmof-fe1b0fe
GURZID,GURZID_clean,qmof-43f2897
GURZID01,GURZID01_clean,qmof-a996d0c
GUSCIH,GUSCIH_clean,qmof-3d811dc
GUXPUL,GUXPUL_clean,qmof-8d81886
GUXQAS,GUXQAS_clean,qmof-46ab5ba
GUYLOC,GUYLOC_clean,qmof-5ce2533
GUYLUI,GUYLUI_clean,qmof-535c7b9
GUYMAP,GUYMAP_clean,qmof-4d0c1e9
HABRIN,HABRIN_clean,qmof-1955717
HADDOI,HADDOI_clean,qmof-cc5ae49
HADMAD01,HADMAD01_clean,qmof-a4114e9
HADMIL,HADMIL_clean,qmof-e268c52
HAFGUT,HAFGUT_clean,qmof-0ae491a
HAFQOW,HAFQOW_clean,qmof-c8c6644
HAFQUC,HAFQUC_clean,qmof-9f865ef
HAGTIV,HAGTIV_clean,qmof-45a18aa
HAJKIO,HAJKIO_clean,qmof-0b31a84
HAJKOU,HAJKOU_clean,qmof-04e078a
HAJLIO,HAJLIO_clean,qmof-14291f8
HAKWUM,HAKWUM_clean,qmof-61450a6
HALVAU,HALVAU_clean,qmof-5ffeace
HAPGIR,HAPGIR_clean,qmof-6d8b4ff
HAPNOE,HAPNOE_clean,qmof-9085ada
HAPNUK,HAPNUK_clean,qmof-64d0752
HARNAR,HARNAR_clean,qmof-6276b6d
HAWREE,HAWREE_clean,qmof-fabe969
HAWWIN,HAWWIN_clean,qmof-af6bd63
HAWWOT,HAWWOT_clean,qmof-bf74329
HAWWUZ,HAWWUZ_clean,qmof-9179878
HAWYUB,HAWYUB_clean,qmof-5a49de7
HAWZEM,HAWZEM_clean,qmof-e5198b3
HAZNON,HAZNON_clean,qmof-24f41f3
HEBGUS,HEBGUS_clean,qmof-22767fa
HEBJAB,HEBJAB_clean,qmof-2b58edc
HEBKEG,HEBKEG_clean,qmof-efc1075
HEBTEP,HEBTEP_clean,qmof-f25b28d
HEBZAR,HEBZAR_clean,qmof-e17b289
HEBZEV,HEBZEV_clean,qmof-79d8511
HECQUB,HECQUB_clean,qmof-dbfac13
HEDCIE,HEDCIE_clean,qmof-f63bc3c
HEDTER,HEDTER_clean,qmof-d6b4919
HENYUV,HENYUV_clean,qmof-22d1c6f
HIBGEF,HIBGEF_clean,qmof-71e5f47
HIBGIJ,HIBGIJ_clean,qmof-c483cae
HIDMEO,HIDMEO_clean,qmof-b5fd9c2
HIFVUO,HIFVUO_clean,qmof-2b65e1f
HIFWAV,HIFWAV_clean,qmof-dbe97aa
HIHJUF,HIHJUF_clean,qmof-b5fe3cc
HIQNIG,HIQNIG_clean,qmof-842f424
HIQPEE,HIQPEE_clean,qmof-35562f1
HIQPII,HIQPII_clean,qmof-a8bee64
HIVQAG,HIVQAG_clean,qmof-329a219
HIWXER,HIWXER_clean,qmof-113f870
HIYBUN,HIYBUN_clean,qmof-a8ed505
HIYZEV01,HIYZEV01_clean,qmof-0d463af
HIZQEN01,HIZQEN01_clean,qmof-9c7b613
HOGQIF,HOGQIF_clean,qmof-2da2c80
HOGSIG,HOGSIG_clean,qmof-bad3ee2
HOHJAR,HOHJAR_clean,qmof-e0e1070
HOHMIB,HOHMIB_clean,qmof-f007d80
HOJLEY,HOJLEY_clean,qmof-a144bb5
HOKMUR,HOKMUR_clean,qmof-71d4b85
HOQMIL01,HOQMIL01_clean,qmof-9e9c33f
HORJOP,HORJOP_clean,qmof-53816c0
HOTWUJ,HOTWUJ_clean,qmof-5037476
HOXKUB,HOXKUB_clean,qmof-c178c2f
HOXSIY,HOXSIY_clean,qmof-862da56
HOYQUJ,HOYQUJ_clean,qmof-3e925fc
HOYROE,HOYROE_clean,qmof-ac78c2d
HOZDOR,HOZDOR_clean,qmof-444e62d
HUCLIB,HUCLIB_clean,qmof-f8f63d1
HUCXEK,HUCXEK_clean,qmof-a918c8a
HUCXIO,HUCXIO_clean,qmof-7015fdd
HUCXOU,HUCXOU_clean,qmof-e0cb981
HUDMOK,HUDMOK_clean,qmof-ac2c305
HUDWUA,HUDWUA_clean,qmof-4a0043c
HUHJAW,HUHJAW_clean,qmof-9769ca0
HUQHEI,HUQHEI_clean,qmof-95853a9
HUQHOS,HUQHOS_clean,qmof-46a169e
HURFEH,HURFEH_clean,qmof-ae652d1
HUSJUC,HUSJUC_clean,qmof-105dea1
HUSQES,HUSQES_clean,qmof-52f94b5
HUTZAX01,HUTZAX01_clean,qmof-3e5a59b
HUVGEM,HUVGEM_clean,qmof-6c1f31f
IBARUA,IBARUA_clean,qmof-55ae928
IBASUB,IBASUB_clean,qmof-648d493
IBATEM,IBATEM_clean,qmof-17e43c6
IBICAZ,IBICAZ_clean,qmof-3fb0086
IBICED,IBICED_clean,qmof-e8046f4
IBOCIO,IBOCIO_clean,qmof-d9d32cd
IBOCOU,IBOCOU_clean,qmof-8285c88
IBOZIK,IBOZIK_clean,qmof-3bb24e2
ICALUV,ICALUV_clean,qmof-e7a4b35
ICANAD,ICANAD_clean,qmof-013ec70
ICEGED,ICEGED_clean,qmof-8542c76
ICIZAV,ICIZAV_clean,qmof-58e45ba
ICOWON,ICOWON_clean,qmof-d377610
IDAZEU,IDAZEU_clean,qmof-391a076
IDEYOF,IDEYOF_clean,qmof-355afa1
IDIWOH01,IDIWOH01_clean,qmof-6812d65
IDIWOH02,IDIWOH02_clean,qmof-7245894
IDUDES,IDUDES_clean,qmof-fbea80f
IDUDIW,IDUDIW_clean,qmof-4624c90
IGUCIY,IGUCIY_clean,qmof-f8fe9ac
IHECAB,IHECAB_clean,qmof-6c82b41
IHERIY,IHERIY_clean,qmof-210f8d2
IHILUI,IHILUI_clean,qmof-3d9ac1d
IHIMAP,IHIMAP_clean,qmof-8e29d5d
IHUTIQ,IHUTIQ_clean,qmof-e09b77b
IJASAO01,IJASAO01_clean,qmof-749fa2f
IJASES01,IJASES01_clean,qmof-9702053
IJEXUR,IJEXUR_clean,qmof-111ce53
IJODES,IJODES_clean,qmof-4d33be9
IKATIZ,IKATIZ_clean,qmof-80e781b
IKEBUV01,IKEBUV01_clean,qmof-0156bfa
IKUTUF,IKUTUF_clean,qmof-abc5fbe
ILIQEB,ILIQEB_clean,qmof-f730251
ILOJEZ,ILOJEZ_clean,qmof-eab6b7c
ILOTOT,ILOTOT_clean,qmof-63a633f
IMACZN01,IMACZN01_clean,qmof-14210e6
IMIDZB02,IMIDZB02_clean,qmof-fe832cc
IMIDZB13,IMIDZB13_clean,qmof-9375de3
IMISED,IMISED_clean,qmof-a7455cb
INALOA,INALOA_clean,qmof-23a6e43
INARUM,INARUM_clean,qmof-67bf66d
INESIE,INESIE_clean,qmof-9963630
INIQON,INIQON_clean,qmof-d3080f6
INOMOP01,INOMOP01_clean,qmof-bcf3e10
INOSOV,INOSOV_clean,qmof-18c6d13
IPIFAP,IPIFAP_clean,qmof-cbd2f4b
IPIHIA,IPIHIA_clean,qmof-9af5a43
IPIHUM,IPIHUM_clean,qmof-d4f6af2
IPIJEY,IPIJEY_clean,qmof-e647ae3
IPINEC,IPINEC_clean,qmof-b6d938a
IQABEJ,IQABEJ_clean,qmof-9dd4efa
IQEKUM,IQEKUM_clean,qmof-64fa6b1
IQIMUS,IQIMUS_clean,qmof-0894383
IQOHUT,IQOHUT_clean,qmof-b3b9d5b
IQOJAB,IQOJAB_clean,qmof-b8ef003
IQOZUJ,IQOZUJ_clean,qmof-ec51380
IQUNAJ,IQUNAJ_clean,qmof-4f885c8
IROROY,IROROY_clean,qmof-6b0105c
ISEQIH,ISEQIH_clean,qmof-a50d865
ISIMAZ,ISIMAZ_clean,qmof-5a3945a
ISOHEE,ISOHEE_clean,qmof-e566fbb
ISUGIN,ISUGIN_clean,qmof-65631c4
ITAHEQ,ITAHEQ_clean,qmof-c5d164d
ITIBIY,ITIBIY_clean,qmof-c031e4d
ITIPAE,ITIPAE_clean,qmof-10b52ba
IVARUT,IVARUT_clean,qmof-75b017c
IVEMIH01,IVEMIH01_clean,qmof-d484021
IVIXIW,IVIXIW_clean,qmof-d21e6d3
IVUVIG,IVUVIG_clean,qmof-0111861
IWEPUW,IWEPUW_clean,qmof-755582e
IXAJUN,IXAJUN_clean,qmof-608a1d6
IXODUV,IXODUV_clean,qmof-adc0e78
IXUREZ,IXUREZ_clean,qmof-dea5ac6
IXUWOO,IXUWOO_clean,qmof-708a740
IYASOS,IYASOS_clean,qmof-fb124e3
IYAZAL,IYAZAL_clean,qmof-9d70000
IYEQUA,IYEQUA_clean,qmof-63ef917
IYIGEC,IYIGEC_clean,qmof-cdf6c87
IYOBAA,IYOBAA_clean,qmof-97fb071
IYOHOU,IYOHOU_clean,qmof-dd618ab
IYOTAT,IYOTAT_clean,qmof-e9437e6
IYUREA,IYUREA_clean,qmof-b2f66ca
IYURIE,IYURIE_clean,qmof-f2abc85
IZEBEV,IZEBEV_clean,qmof-b203da2
IZEWAN,IZEWAN_clean,qmof-e2787da
IZIHOQ,IZIHOQ_clean,qmof-cb0a854
IZUMUM,IZUMUM_clean,qmof-b077645
JADJOQ,JADJOQ_clean,qmof-33eb7e6
JALPAQ,JALPAQ_clean,qmof-585e841
JIVFUQ,JIVFUQ_clean,qmof-f17dd8e
JOBGIS,JOBGIS_clean,qmof-b41d70b
JOCPIB,JOCPIB_clean,qmof-c2ac0fe
JODGAM,JODGAM_clean,qmof-beae772
JODGEQ,JODGEQ_clean,qmof-204daad
JOFCEO,JOFCEO_clean,qmof-ccf3afe
JOFKIA01,JOFKIA01_clean,qmof-5e9a520
JOGBIR,JOGBIR_clean,qmof-59dd9f5
JOJKOK,JOJKOK_clean,qmof-555ceef
JOJMEB,JOJMEB_clean,qmof-dcc9417
JOSNAG01,JOSNAG01_clean,qmof-8c0a960
JOXNAN,JOXNAN_clean,qmof-fe92906
JOYKOZ,JOYKOZ_clean,qmof-07cc468
JOYKUF,JOYKUF_clean,qmof-5c354ae
JUFREJ,JUFREJ_clean,qmof-f44b97c
JUFZER,JUFZER_clean,qmof-8ee832a
JUJMIM,JUJMIM_clean,qmof-62cf3da
JUMCUR,JUMCUR_clean,qmof-7a701d8
JUMDAY,JUMDAY_clean,qmof-5d4580f
JUMDEC,JUMDEC_clean,qmof-1bef540
JUSKIT,JUSKIT_clean,qmof-3d5b416
KABXES,KABXES_clean,qmof-95ac571
KABXIW,KABXIW_clean,qmof-efa5596
KACZUM,KACZUM_clean,qmof-c5480ba
KADBAV,KADBAV_clean,qmof-762fe76
KAFYAT,KAFYAT_clean,qmof-a3753d9
KAJZIH,KAJZIH_clean,qmof-d4b95e5
KALFIO,KALFIO_clean,qmof-409e539
KALFOU,KALFOU_clean,qmof-a81793c
KALGEL,KALGEL_clean,qmof-25f9758
KANCIN,KANCIN_clean,qmof-753b41f
KAQBOW,KAQBOW_clean,qmof-801f41b
KARMAT,KARMAT_clean,qmof-cbfd530
KASLUO,KASLUO_clean,qmof-f0feb86
KATDAM,KATDAM_clean,qmof-f2d3b75
KAVLID,KAVLID_clean,qmof-5927609
KAVROQ,KAVROQ_clean,qmof-07f2261
KAWBOB,KAWBOB_clean,qmof-a2d74ff
KAXZUG,KAXZUG_clean,qmof-03dbef3
KAYBIX,KAYBIX_clean,qmof-d3d7d3d
KAYBUJ,KAYBUJ_clean,qmof-722b6f4
KEGYAX,KEGYAX_clean,qmof-0bd5270
KESGAS,KESGAS_clean,qmof-8b12648
KEVBUK01,KEVBUK01_clean,qmof-23e95ee
KEWZOD,KEWZOD_clean,qmof-ac6a77a
KEXFAU,KEXFAU_clean,qmof-69df9e5
KEXKAB,KEXKAB_clean,qmof-b82bfcb
KEXKEF,KEXKEF_clean,qmof-ee71122
KEXPOU,KEXPOU_clean,qmof-fc85ca5
KEYDEZ,KEYDEZ_clean,qmof-06ab3b1
KEYFIF01,KEYFIF01_clean,qmof-0180057
KIBDIJ,KIBDIJ_clean,qmof-5c52173
KIFWUT,KIFWUT_clean,qmof-b4de016
KIGCEK,KIGCEK_clean,qmof-8161acf
KILFUI,KILFUI_clean,qmof-285f830
KINDIW,KINDIW_clean,qmof-bcd71bd
KINDOC,KINDOC_clean,qmof-aabccf4
KINFAQ,KINFAQ_clean,qmof-83ae4f5
KINFEU,KINFEU_clean,qmof-87bc560
KINHAS,KINHAS_clean,qmof-17d4703
KINJUO,KINJUO_clean,qmof-9300c45
KINKAV,KINKAV_clean,qmof-4021069
KIPZEQ,KIPZEQ_clean,qmof-07498ac
KIQKOK,KIQKOK_clean,qmof-ef13225
KIVVOC,KIVVOC_clean,qmof-ca938fe
KIYMAI01,KIYMAI01_clean,qmof-6396d5e
KIYMEM01,KIYMEM01_clean,qmof-5098afc
KIYMIQ,KIYMIQ_clean,qmof-2dc97fa
KIYQIU,KIYQIU_clean,qmof-b9f5dc2
KIYQOA,KIYQOA_clean,qmof-88f5b79
KOGJOG,KOGJOG_clean,qmof-38fac1e
KOJCUI,KOJCUI_clean,qmof-3fd032f
KOJTOU,KOJTOU_clean,qmof-a299dee
KOLTUC,KOLTUC_clean,qmof-045344d
KOMGUP,KOMGUP_clean,qmof-4cd6b6d
KOMHAW,KOMHAW_clean,qmof-00cae02
KOMJED,KOMJED_clean,qmof-6ab86e7
KOMJIH,KOMJIH_clean,qmof-ebbc900
KOMJON,KOMJON_clean,qmof-f4a9ba9
KOPHOO,KOPHOO_clean,qmof-94657de
KORNAI,KORNAI_clean,qmof-45e3866
KOSJAF,KOSJAF_clean,qmof-dfd0917
KOSKIO,KOSKIO_clean,qmof-26df13b
KOSKUA,KOSKUA_clean,qmof-dc7e5a3
KOSLUB,KOSLUB_clean,qmof-ea9f3ea
KOZSID,KOZSID_clean,qmof-5a081d6
KUBXOW,KUBXOW_clean,qmof-c3b4381
KUDLUR,KUDLUR_clean,qmof-e99de19
KULMIP,KULMIP_clean,qmof-76f719c
KULRIT,KULRIT_clean,qmof-6905494
KUMBOL,KUMBOL_clean,qmof-85140dd
KUMBUR,KUMBUR_clean,qmof-fb21497
KUNRAO,KUNRAO_clean,qmof-ccf5c0f
KUQWIE,KUQWIE_clean,qmof-ad0971f
KUQXIE,KUQXIE_clean,qmof-8fef316
KURSOH,KURSOH_clean,qmof-3983644
KUTNEU,KUTNEU_clean,qmof-2cc1b33
KUTNIY,KUTNIY_clean,qmof-999122e
KUTNOE,KUTNOE_clean,qmof-9857976
KUTNUK,KUTNUK_clean,qmof-e13fb49
KUTPAS,KUTPAS_clean,qmof-06bdce4
KUWCEM,KUWCEM_clean,qmof-73c06e0
KUXSIH01,KUXSIH01_clean,qmof-1ad21a1
KUXTUT,KUXTUT_clean,qmof-f7de712
LABGAY,LABGAY_clean,qmof-6ed7fec
LABKIL,LABKIL_clean,qmof-008e1b6
LABZIA,LABZIA_clean,qmof-0713ee0
LABZUM,LABZUM_clean,qmof-6182d5e
LACJIL,LACJIL_clean,qmof-6771069
LACJOR,LACJOR_clean,qmof-f38c9a1
LAGCUU,LAGCUU_clean,qmof-b679e3a
LAGMUD,LAGMUD_clean,qmof-2069140
LAGNAK,LAGNAK_clean,qmof-0e5c999
LAGNEO,LAGNEO_clean,qmof-edf0a1b
LAGPAM,LAGPAM_clean,qmof-c6174ca
LAGQER,LAGQER_clean,qmof-cc8c19f
LAGQOB,LAGQOB_clean,qmof-faec029
LAGRES,LAGRES_clean,qmof-f28d7b0
LAGVOG,LAGVOG_clean,qmof-fe8e022
LAJJAK,LAJJAK_clean,qmof-37ffde5
LALYOO,LALYOO_clean,qmof-ab51834
LASPOM,LASPOM_clean,qmof-cb3abbe
LASQON,LASQON_clean,qmof-b46a7a6
LAVTEJ01,LAVTEJ01_clean,qmof-2991840
LAWHOJ,LAWHOJ_clean,qmof-8fdb398
LAXMOP,LAXMOP_clean,qmof-3ada75c
LAZSIQ,LAZSIQ_clean,qmof-254370c
LECGEH,LECGEH_clean,qmof-4b3fafd
LECQEQ,LECQEQ_clean,qmof-b8ca403
LEDHEJ,LEDHEJ_clean,qmof-bc26dea
LEDHIN,LEDHIN_clean,qmof-7fad017
LEGGEK,LEGGEK_clean,qmof-8d6e3d6
LEZZEX,LEZZEX_clean,qmof-538ad34
LICSUM,LICSUM_clean,qmof-49dc93d
LIDWIG,LIDWIG_clean,qmof-e21b1d7
LIHFAK,LIHFAK_clean,qmof-c80cf5d
LIHSEB,LIHSEB_clean,qmof-708e4d8
LIKFOB,LIKFOB_clean,qmof-f90a6ed
LIQCUK,LIQCUK_clean,qmof-1ed370f
LIQJEC,LIQJEC_clean,qmof-984892e
LISZOE,LISZOE_clean,qmof-35a415f
LITCIC,LITCIC_clean,qmof-272c907
LITCOI,LITCOI_clean,qmof-81231aa
LITCUO,LITCUO_clean,qmof-26b69bc
LITDAV,LITDAV_clean,qmof-7570f80
LIVLUZ,LIVLUZ_clean,qmof-cdec426
LIVZOH,LIVZOH_clean,qmof-86c75a0
LIWXIZ,LIWXIZ_clean,qmof-cacb6b5
LIXYOI,LIXYOI_clean,qmof-362afdb
LIZSIY,LIZSIY_clean,qmof-dcc97c0
LIZSOE,LIZSOE_clean,qmof-dd7b7aa
LOCZOU,LOCZOU_clean,qmof-22cc2ed
LOCZUA,LOCZUA_clean,qmof-a2d700a
LODBAJ,LODBAJ_clean,qmof-54602db
LODBIR,LODBIR_clean,qmof-132ce90
LODKIA,LODKIA_clean,qmof-ca4d273
LODPOL,LODPOL_clean,qmof-99cc81d
LODPUR,LODPUR_clean,qmof-a8c7976
LOFVIN,LOFVIN_clean,qmof-977f98a
LOJLAZ,LOJLAZ_clean,qmof-a5e17b9
LOLQIM,LOLQIM_clean,qmof-7df17a2
LONVER,LONVER_clean,qmof-348cf26
LONVIV,LONVIV_clean,qmof-268888c
LOTDIJ,LOTDIJ_clean,qmof-972dddd
LOVVAV,LOVVAV_clean,qmof-0ab76f3
LOXWAY,LOXWAY_clean,qmof-0aa4198
LOXWEC,LOXWEC_clean,qmof-aef39ca
LUFNAC,LUFNAC_clean,qmof-feeca2a
LUGLOO,LUGLOO_clean,qmof-1089298
LUKHIK,LUKHIK_clean,qmof-8438e2d
LUKHOQ,LUKHOQ_clean,qmof-f765634
LULHUW,LULHUW_clean,qmof-735cade
LULJAE,LULJAE_clean,qmof-51d789e
LUMDIG,LUMDIG_clean,qmof-dc9f254
LUMLIQ,LUMLIQ_clean,qmof-e84b289
LUMQOB,LUMQOB_clean,qmof-ed03ca8
LUPCOQ,LUPCOQ_clean,qmof-84e2164
LUPDEH,LUPDEH_clean,qmof-4176e77
LUPVEZ,LUPVEZ_clean,qmof-3b1bdfe
LURGEL,LURGEL_clean,qmof-976e488
LUSHIR,LUSHIR_clean,qmof-2313b16
LUSJAL,LUSJAL_clean,qmof-241c567
LUSJOZ,LUSJOZ_clean,qmof-d32f614
LUVTEC,LUVTEC_clean,qmof-aaa921d
LUWMEX,LUWMEX_clean,qmof-2f29597
LUWYUY,LUWYUY_clean,qmof-ed34559
MADVUJ,MADVUJ_clean,qmof-5c1c773
MADWAQ,MADWAQ_clean,qmof-9f9d39c
MAFLUD,MAFLUD_clean,qmof-87b09b6
MAFMOY01,MAFMOY01_clean,qmof-c7868c3
MAFZOK,MAFZOK_clean,qmof-cfb0f9e
MAGBAZ,MAGBAZ_clean,qmof-ad87731
MAHGAG,MAHGAG_clean,qmof-00e335d
MALSIE,MALSIE_clean,qmof-599995e
MAPHAP,MAPHAP_clean,qmof-ab2218a
MAQBAK,MAQBAK_clean,qmof-3d7f145
MAQBEO,MAQBEO_clean,qmof-477477e
MAQMAV,MAQMAV_clean,qmof-08cbfe6
MARBIT,MARBIT_clean,qmof-60b7753
MARLID,MARLID_clean,qmof-e70363f
MATPOP,MATPOP_clean,qmof-11881b6
MATPUV,MATPUV_clean,qmof-f04954c
MATVAF,MATVAF_clean,qmof-5ed2725
MATVEJ,MATVEJ_clean,qmof-b430899
MAVLIH,MAVLIH_clean,qmof-ffe2d1c
MAWTUC,MAWTUC_clean,qmof-68abb54
MAWVAK,MAWVAK_clean,qmof-9b277ad
MAYXUG,MAYXUG_clean,qmof-33487ab
MAZSUD,MAZSUD_clean,qmof-d078b33
MAZTIR,MAZTIR_clean,qmof-2408284
MEHPAQ,MEHPAQ_clean,qmof-6d04fee
MEJQEZ,MEJQEZ_clean,qmof-84ef243
MEJQID,MEJQID_clean,qmof-cb0ed13
MEJZEI,MEJZEI_clean,qmof-4af615b
MEJZOS,MEJZOS_clean,qmof-0c8f66a
MEJZUY,MEJZUY_clean,qmof-32307df
MEKBAH,MEKBAH_clean,qmof-4e3ddf4
MEKDUC,MEKDUC_clean,qmof-b0186a3
MIBQAR01,MIBQAR01_clean,qmof-a2d95c3
MICDEJ,MICDEJ_clean,qmof-4c4d6c3
MICNES,MICNES_clean,qmof-132acf7
MICNIW,MICNIW_clean,qmof-26a179f
MICPAQ,MICPAQ_clean,qmof-2ecd9eb
MICPEU,MICPEU_clean,qmof-3b2068c
MIDRAT,MIDRAT_clean,qmof-ff8666b
MIHHIU,MIHHIU_clean,qmof-7a8c7c6
MIHHOA,MIHHOA_clean,qmof-4187032
MIHHUG,MIHHUG_clean,qmof-918ced2
MIHMAS,MIHMAS_clean,qmof-58dedce
MIJBAK01,MIJBAK01_clean,qmof-b4f9ae7
MIJMAU,MIJMAU_clean,qmof-275ec22
MIKJAR,MIKJAR_clean,qmof-371eb98
MIMDAP,MIMDAP_clean,qmof-a98810e
MIMKIE,MIMKIE_clean,qmof-4dc2cd0
MIMSUY,MIMSUY_clean,qmof-deb19b7
MINCER,MINCER_clean,qmof-c9e3c56
MINCIX,MINCIX_clean,qmof-98535c0
MINCUJ,MINCUJ_clean,qmof-2384a20
MIVNUB,MIVNUB_clean,qmof-8276221
MIVPAJ,MIVPAJ_clean,qmof-6694d04
MIVPEN,MIVPEN_clean,qmof-071c170
MIXBEC,MIXBEC_clean,qmof-78b28bd
MIYGIL,MIYGIL_clean,qmof-3a62371
MIZKOW,MIZKOW_clean,qmof-ee8c30a
MOCHES,MOCHES_clean,qmof-eeec9eb
MOCHIW,MOCHIW_clean,qmof-6517b93
MOCHUI,MOCHUI_clean,qmof-bf5c084
MOCJAQ,MOCJAQ_clean,qmof-3648a5c
MOCJEU,MOCJEU_clean,qmof-71e4443
MOCJIY,MOCJIY_clean,qmof-b8d9911
MOFPUU,MOFPUU_clean,qmof-d7660a3
MOGVAG,MOGVAG_clean,qmof-0c3622c
MOKMOQ,MOKMOQ_clean,qmof-3015109
MOPFOO,MOPFOO_clean,qmof-fb859e4
MOQSIV,MOQSIV_clean,qmof-32ba73a
MOXJOZ,MOXJOZ_clean,qmof-d9134ec
MOXNUJ,MOXNUJ_clean,qmof-08a8079
MOYMET,MOYMET_clean,qmof-97f8d81
MOYNEU,MOYNEU_clean,qmof-ca052a2
MOYYEF,MOYYEF_clean,qmof-af0b1e5
MOYYIJ,MOYYIJ_clean,qmof-ec7b9ee
MOZFIR,MOZFIR_clean,qmof-9dd776e
MUFHUR,MUFHUR_clean,qmof-05fbacb
MUFXUI,MUFXUI_clean,qmof-aff929b
MUFYAP,MUFYAP_clean,qmof-5bedea2
MUGHED,MUGHED_clean,qmof-023607b
MUHNAG,MUHNAG_clean,qmof-6970c02
MUHPAI,MUHPAI_clean,qmof-878ee6a
MUJKAF,MUJKAF_clean,qmof-d8224dc
MUKRIU,MUKRIU_clean,qmof-214ca92
MULQOA,MULQOA_clean,qmof-66b26b0
MUMLIR,MUMLIR_clean,qmof-99bbd67
MUMZAX,MUMZAX_clean,qmof-14b40ea
MUPYIG,MUPYIG_clean,qmof-e3c6537
MUPYOM,MUPYOM_clean,qmof-99887b0
MUSQIC,MUSQIC_clean,qmof-e6bb80c
MUTVUT,MUTVUT_clean,qmof-8786e64
MUVHER,MUVHER_clean,qmof-1586837
MUVYEJ,MUVYEJ_clean,qmof-1830dec
MUXHIW01,MUXHIW01_clean,qmof-1186aa1
MUXHUI01,MUXHUI01_clean,qmof-45eff1d
MUZVUA,MUZVUA_clean,qmof-566a33c
NABCIE,NABCIE_clean,qmof-7aeed39
NACVUI,NACVUI_clean,qmof-688ca67
NAFSOF,NAFSOF_clean,qmof-ab3cb93
NAGROF,NAGROF_clean,qmof-ebfa7c9
NAGRUL,NAGRUL_clean,qmof-addc8ec
NAHFIO,NAHFIO_clean,qmof-c5000eb
NAHFOU,NAHFOU_clean,qmof-ef61bbc
NAHNES,NAHNES_clean,qmof-faf6c2b
NAJGAH,NAJGAH_clean,qmof-79371d1
NAJTAW,NAJTAW_clean,qmof-0efcdca
NAJTEA,NAJTEA_clean,qmof-6690796
NANNAU,NANNAU_clean,qmof-4fce737
NAPZOV,NAPZOV_clean,qmof-dfc0e67
NARTIL,NARTIL_clean,qmof-fedf897
NASCIV,NASCIV_clean,qmof-89fcca7
NATXIR,NATXIR_clean,qmof-3e9bb7b
NATZOA,NATZOA_clean,qmof-68d5ddc
NAVJAW,NAVJAW_clean,qmof-b396375
NAWWUG,NAWWUG_clean,qmof-757860d
NAXVOY02,NAXVOY02_clean,qmof-7508c2e
NAZBAT,NAZBAT_clean,qmof-6ba3702
NEFTOJ,NEFTOJ_clean,qmof-ab731b1
NEHNEV,NEHNEV_clean,qmof-19d3c65
NEHNEV01,NEHNEV01_clean,qmof-863a165
NEHZIK,NEHZIK_clean,qmof-3c52004
NEJSIG,NEJSIG_clean,qmof-eab0f8a
NELWIL,NELWIL_clean,qmof-4f35422
NEPWIQ,NEPWIQ_clean,qmof-326f778
NERVIP01,NERVIP01_clean,qmof-29b54a6
NESSOV,NESSOV_clean,qmof-4c6c409
NEVGIE,NEVGIE_clean,qmof-0fcb34b
NEVVAM01,NEVVAM01_clean,qmof-d812e1d
NEYBEZ,NEYBEZ_clean,qmof-2ff52f1
NICJOA,NICJOA_clean,qmof-d390079
NIJSAC,NIJSAC_clean,qmof-9df80d1
NIMVEL,NIMVEL_clean,qmof-e5376d7
NIMVIP,NIMVIP_clean,qmof-e8122f2
NOCLOH01,NOCLOH01_clean,qmof-0c68249
NOFMIG01,NOFMIG01_clean,qmof-1678991
NOFQIK,NOFQIK_clean,qmof-a1d95f7
NOHHID,NOHHID_clean,qmof-3d2b999
NOKLIJ,NOKLIJ_clean,qmof-803f80f
NOKPEJ,NOKPEJ_clean,qmof-b31f520
NOLRIR,NOLRIR_clean,qmof-e098d8f
NOMQAJ01,NOMQAJ01_clean,qmof-64b5161
NOZZUZ,NOZZUZ_clean,qmof-313a3a9
NUBPIL,NUBPIL_clean,qmof-e265db6
NUCBIY,NUCBIY_clean,qmof-aad417f
NUDLOP01,NUDLOP01_clean,qmof-3ff5349
NULMAJ,NULMAJ_clean,qmof-886aa55
NUTYIM,NUTYIM_clean,qmof-e63da3b
NUVYEK,NUVYEK_clean,qmof-721171e
NUYWEK,NUYWEK_clean,qmof-8b2104f
NUYWOU,NUYWOU_clean,qmof-550a9e1
OBAFEF,OBAFEF_clean,qmof-69add22
OBAFIJ,OBAFIJ_clean,qmof-d25e2ca
OBAHAD,OBAHAD_clean,qmof-fa983d7
OBOGUK,OBOGUK_clean,qmof-8e251f4
OCACUR,OCACUR_clean,qmof-43f82df
OCUGEZ01,OCUGEZ01_clean,qmof-060e1c4
OCUMIL,OCUMIL_clean,qmof-240ebea
OCUNAE,OCUNAE_clean,qmof-eee1f70
OFEHEO,OFEHEO_clean,qmof-f6ba89b
OFERUN03,OFERUN03_clean,qmof-e3dcc4d
OFERUN04,OFERUN04_clean,qmof-017128d
OFODAP,OFODAP_clean,qmof-e3283fb
OFORUX,OFORUX_clean,qmof-0f178f1
OGAGAF,OGAGAF_clean,qmof-598b6ca
OGAGEJ,OGAGEJ_clean,qmof-60cfddb
OGAGIN,OGAGIN_clean,qmof-19a68cb
OGAXUR,OGAXUR_clean,qmof-c5b8465
OGECOU,OGECOU_clean,qmof-ef011df
OGUPIQ,OGUPIQ_clean,qmof-862ede4
OHAGAH,OHAGAH_clean,qmof-18c41a2
OHAGOV01,OHAGOV01_clean,qmof-cf3daa8
OHAKEO,OHAKEO_clean,qmof-2397030
OHAKIS,OHAKIS_clean,qmof-7c2b7f4
OJAKOA,OJAKOA_clean,qmof-9041b1f
OJAKUG,OJAKUG_clean,qmof-ee9537a
OJIWIO,OJIWIO_clean,qmof-1a77da5
OJOZOE,OJOZOE_clean,qmof-a23b78e
OKANOF,OKANOF_clean,qmof-82f9a80
OKAYIK,OKAYIK_clean,qmof-2cf2d31
OKAYUW,OKAYUW_clean,qmof-33d69c8
OKAZAD,OKAZAD_clean,qmof-3fdc76b
OKILEA,OKILEA_clean,qmof-1b44fef
OKIZOZ,OKIZOZ_clean,qmof-f547d31
OKOSUE,OKOSUE_clean,qmof-6fe5a19
OLAVOO,OLAVOO_clean,qmof-73d5465
OLUCAZ,OLUCAZ_clean,qmof-2593f7a
OMAXEG,OMAXEG_clean,qmof-b3bca92
OMEWUZ,OMEWUZ_clean,qmof-3ba2386
OMIPAD,OMIPAD_clean,qmof-7d61873
ONIXOZ,ONIXOZ_clean,qmof-a9b0ac2
OPENIH,OPENIH_clean,qmof-d9a0694
OPENON,OPENON_clean,qmof-76aed81
OPIFIE,OPIFIE_clean,qmof-c1fbc1a
OPIPOT,OPIPOT_clean,qmof-762c740
OPOBOL,OPOBOL_clean,qmof-5a9f816
OPOYUO,OPOYUO_clean,qmof-8994818
OPURIB01,OPURIB01_clean,qmof-7bc3564
OQANIE,OQANIE_clean,qmof-69d7c75
OQETEK,OQETEK_clean,qmof-13c119c
OQEZUH,OQEZUH_clean,qmof-d58a816
OQOJUB,OQOJUB_clean,qmof-112d725
ORUHAM,ORUHAM_clean,qmof-52f04d1
OSAVUA,OSAVUA_clean,qmof-c92d2ff
OSAWEL,OSAWEL_clean,qmof-d9d6cca
OSAXAI,OSAXAI_clean,qmof-226eeb4
OSIWOD01,OSIWOD01_clean,qmof-5d78f06
OSIXIY,OSIXIY_clean,qmof-1b01e7d
OSOMIT,OSOMIT_clean,qmof-067b298
OTARIL,OTARIL_clean,qmof-61d5b72
OTARUX01,OTARUX01_clean,qmof-f662240
OTATOT,OTATOT_clean,qmof-23715f3
OTAVOV,OTAVOV_clean,qmof-a8ac295
OTAWIR,OTAWIR_clean,qmof-b4192d1
OTECEX,OTECEX_clean,qmof-864cbd5
OTEGOL01,OTEGOL01_clean,qmof-f61d5ce
OTIPUE,OTIPUE_clean,qmof-06edf43
OTIQAL,OTIQAL_clean,qmof-baa8c3c
OTOZII,OTOZII_clean,qmof-5d05c82
OTOZOO,OTOZOO_clean,qmof-74d6dbe
OVICUS,OVICUS_clean,qmof-53872ef
OVIDON,OVIDON_clean,qmof-df89737
OWAVOY,OWAVOY_clean,qmof-2f736ac
OWIHUZ,OWIHUZ_clean,qmof-d08b9c2
OXAZIX,OXAZIX_clean,qmof-dbb4b69
OYEBIE,OYEBIE_clean,qmof-fda25aa
OYODEM,OYODEM_clean,qmof-8e54ccb
OZOPEA,OZOPEA_clean,qmof-cccbac5
OZUKOL,OZUKOL_clean,qmof-4a54aa8
PABXAT,PABXAT_clean,qmof-fa802eb
PAFPAQ,PAFPAQ_clean,qmof-3e6e565
PAJRUQ,PAJRUQ_clean,qmof-f4d866b
PAKXIK,PAKXIK_clean,qmof-0936459
PANYEL,PANYEL_clean,qmof-c73e903
PAPPED,PAPPED_clean,qmof-0f3927b
PAPPIH,PAPPIH_clean,qmof-2bcb043
PAPROO,PAPROO_clean,qmof-34239b6
PAPRUU,PAPRUU_clean,qmof-f0e967a
PAQFIY,PAQFIY_clean,qmof-f5277dd
PARHEW,PARHEW_clean,qmof-19c3857
PARMIG,PARMIG_clean,qmof-1fe98cd
PARNON,PARNON_clean,qmof-4a1e114
PASMUT,PASMUT_clean,qmof-70db22b
PASNAA,PASNAA_clean,qmof-b6c5aeb
PATWOY,PATWOY_clean,qmof-9797bb7
PEBXIF,PEBXIF_clean,qmof-04fb851
PEFTAX,PEFTAX_clean,qmof-9d33048
PEGBEK01,PEGBEK01_clean,qmof-2c14e85
PEGBUA,PEGBUA_clean,qmof-385daac
PEGCAH,PEGCAH_clean,qmof-e226b30
PEGCIP,PEGCIP_clean,qmof-6fcc064
PEKVAE,PEKVAE_clean,qmof-f75536d
PELGIY,PELGIY_clean,qmof-24c9098
PELXIP,PELXIP_clean,qmof-e6ecf01
PENZUE,PENZUE_clean,qmof-0208603
PEPHOJ,PEPHOJ_clean,qmof-956904d
PEPLEC,PEPLEC_clean,qmof-970159e
PEPLIG,PEPLIG_clean,qmof-b4dc0ec
PEPLOM,PEPLOM_clean,qmof-b544b11
PEPXIS,PEPXIS_clean,qmof-4b075ae
PEQHOK,PEQHOK_clean,qmof-b858d4e
PERSEM,PERSEM_clean,qmof-26b1f32
PEVLEJ,PEVLEJ_clean,qmof-67716b0
PEVLIN,PEVLIN_clean,qmof-ec7e515
PEVYUM,PEVYUM_clean,qmof-043d57a
PEWFII01,PEWFII01_clean,qmof-88c6ebd
PEZCII,PEZCII_clean,qmof-be3b6cf
PIFPIE,PIFPIE_clean,qmof-8362ce9
PIHJOH03,PIHJOH03_clean,qmof-9e620c1
PIHWAG,PIHWAG_clean,qmof-b95f9af
PIJJOI,PIJJOI_clean,qmof-76946f9
PILWIS,PILWIS_clean,qmof-dd4b7a2
PITMOW,PITMOW_clean,qmof-1e87041
PITPEP,PITPEP_clean,qmof-0205f07
PIXHUB,PIXHUB_clean,qmof-a155c71
PIZQIA,PIZQIA_clean,qmof-b4c884f
PIZQOG,PIZQOG_clean,qmof-9a204c1
PIZQUM,PIZQUM_clean,qmof-1dbc0cf
PIZRAT,PIZRAT_clean,qmof-854ff98
PIZREX,PIZREX_clean,qmof-5533c80
PIZRIB,PIZRIB_clean,qmof-62b8604
PODGEW01,PODGEW01_clean,qmof-3eeeed6
PODWIQ,PODWIQ_clean,qmof-3c797de
PODXIR,PODXIR_clean,qmof-a96fe42
POHMAC,POHMAC_clean,qmof-09611e2
POJTOY01,POJTOY01_clean,qmof-2d9f3da
POKSAL,POKSAL_clean,qmof-e130c8b
POKSIT,POKSIT_clean,qmof-b4fe891
POKTUG,POKTUG_clean,qmof-2aadb21
POKVAO,POKVAO_clean,qmof-31b4fed
POKVIW,POKVIW_clean,qmof-2c111ae
POKWIX,POKWIX_clean,qmof-ab1627d
POKXIX,POKXIX_clean,qmof-ce62a93
POLYEW,POLYEW_clean,qmof-c3bd46e
POMSER,POMSER_clean,qmof-019b84f
PORVUO,PORVUO_clean,qmof-a51b2a6
POSGOV,POSGOV_clean,qmof-6f382a4
POSGUB,POSGUB_clean,qmof-f063351
POXHIU,POXHIU_clean,qmof-8eeb480
POXHOA,POXHOA_clean,qmof-23c3b45
POZKUL,POZKUL_clean,qmof-2547c0c
PUFTUH,PUFTUH_clean,qmof-20f0c53
PUFVUJ,PUFVUJ_clean,qmof-59d990b
PUFWEU,PUFWEU_clean,qmof-78f271f
PUFWOE,PUFWOE_clean,qmof-d8b40b5
PUFXUL,PUFXUL_clean,qmof-0ae6e04
PUFYEW,PUFYEW_clean,qmof-e2cb396
PUNFIO,PUNFIO_clean,qmof-4eebaae
PUPNAQ,PUPNAQ_clean,qmof-1b498b6
PUPXII,PUPXII_clean,qmof-85bc3c6
PUPXII01,PUPXII01_clean,qmof-a2e38a3
PUWVAG,PUWVAG_clean,qmof-b8a0299
PUYHOI,PUYHOI_clean,qmof-5382407
PUZTOV,PUZTOV_clean,qmof-9dfbfd1
QADWIE,QADWIE_clean,qmof-a2d0d1c
QADWOK,QADWOK_clean,qmof-991aa32
QADWUQ,QADWUQ_clean,qmof-2de4c15
QADXAX,QADXAX_clean,qmof-ffb946a
QAGDIO,QAGDIO_clean,qmof-e3ba18e
QAPZUF,QAPZUF_clean,qmof-49c233f
QARCET,QARCET_clean,qmof-4321050
QASYUH,QASYUH_clean,qmof-7d1948c
QATPUX,QATPUX_clean,qmof-89d2f92
QAVYUJ,QAVYUJ_clean,qmof-7c56a75
QAVZAQ,QAVZAQ_clean,qmof-694381f
QAWRIQ,QAWRIQ_clean,qmof-937b244
QEBGAH,QEBGAH_clean,qmof-897ea77
QEDZEG,QEDZEG_clean,qmof-05dc5b6
QEGNOH,QEGNOH_clean,qmof-91bb1a1
QEKLID01,QEKLID01_clean,qmof-f405a54
QEPZOB,QEPZOB_clean,qmof-6bef8c5
QERWAL,QERWAL_clean,qmof-145af0e
QESYOD,QESYOD_clean,qmof-cd020ad
QEYWUN,QEYWUN_clean,qmof-955bb00
QIDDAI02,QIDDAI02_clean,qmof-31b5401
QIFLOI,QIFLOI_clean,qmof-b199359
QIFLUO,QIFLUO_clean,qmof-572b289
QIHXIQ,QIHXIQ_clean,qmof-17c6faa
QIMNIL,QIMNIL_clean,qmof-8114598
QITDEE,QITDEE_clean,qmof-c7da013
QITDII,QITDII_clean,qmof-0f263d7
QITYOI,QITYOI_clean,qmof-00a191a
QIVBUT,QIVBUT_clean,qmof-3fa641b
QIVYUR,QIVYUR_clean,qmof-afcfed2
QIVZEC,QIVZEC_clean,qmof-3de6142
QIWCUW,QIWCUW_clean,qmof-d865c0c
QIZLOC,QIZLOC_clean,qmof-0bd4f7e
QOCRUW,QOCRUW_clean,qmof-d5accd9
QODTOU,QODTOU_clean,qmof-a7c79f1
QOHTOX,QOHTOX_clean,qmof-8ee91a2
QOJVAM,QOJVAM_clean,qmof-1b0a1d3
QOKCID,QOKCID_clean,qmof-9e38c97
QOMFAA,QOMFAA_clean,qmof-40d569a
QOMFEE,QOMFEE_clean,qmof-a10e584
QOMSES,QOMSES_clean,qmof-5fed045
QONKUB,QONKUB_clean,qmof-b1d0e6e
QONLAI,QONLAI_clean,qmof-2d973a8
QOPHEI,QOPHEI_clean,qmof-bc35341
QOPZIF,QOPZIF_clean,qmof-7e2925e
QOQDAD,QOQDAD_clean,qmof-351413a
QOSJUF,QOSJUF_clean,qmof-a44c398
QOTBAE,QOTBAE_clean,qmof-cc59fa2
QOTWON,QOTWON_clean,qmof-9a33911
QOVSOL,QOVSOL_clean,qmof-e797496
QOVWOO01,QOVWOO01_clean,qmof-a3a95de
QOVWOP,QOVWOP_clean,qmof-deee83f
QOVXEG02,QOVXEG02_clean,qmof-6323ace
QOZDOY,QOZDOY_clean,qmof-ba3fcc0
QOZPIG,QOZPIG_clean,qmof-1ecad92
QOZPOM,QOZPOM_clean,qmof-73c2099
QOZSIJ,QOZSIJ_clean,qmof-0aec438
QQQGTA01,QQQGTA01_clean,qmof-aac02f7
QUDJOP,QUDJOP_clean,qmof-75584ae
QUFKIN,QUFKIN_clean,qmof-59396ea
QUFTAM,QUFTAM_clean,qmof-d6ff6f7
QUGBUQ,QUGBUQ_clean,qmof-4912765
QUGNOV,QUGNOV_clean,qmof-e607de3
QUHMOX,QUHMOX_clean,qmof-76aa393
QUJFUX,QUJFUX_clean,qmof-f8b10e5
QUJRUK,QUJRUK_clean,qmof-11c1311
QULLEP,QULLEP_clean,qmof-7b83861
QULMIU,QULMIU_clean,qmof-6805b55
QUMKAM,QUMKAM_clean,qmof-f6e1bf3
QUNXEE,QUNXEE_clean,qmof-14d7a6e
QUPDEL01,QUPDEL01_clean,qmof-63f40f9
QUPHIT,QUPHIT_clean,qmof-f3bdfdf
QUPHUF,QUPHUF_clean,qmof-05fa79c
QUPZAE01,QUPZAE01_clean,qmof-acecbb7
QUPZIM01,QUPZIM01_clean,qmof-a1a5849
QUPZIM02,QUPZIM02_clean,qmof-b1cbe7a
QUQBAH,QUQBAH_clean,qmof-90ea100
QUQBEL,QUQBEL_clean,qmof-66acad7
QUQPUO,QUQPUO_clean,qmof-98f643f
QUQSAY,QUQSAY_clean,qmof-0bc984a
QURSEC,QURSEC_clean,qmof-314b14f
QUSRIH,QUSRIH_clean,qmof-73f891c
QUVDOB,QUVDOB_clean,qmof-7b8ba4b
QUVDUH,QUVDUH_clean,qmof-cedf3f2
QUVFAP,QUVFAP_clean,qmof-16300e8
QUVFET,QUVFET_clean,qmof-b59597a
QUVLAW,QUVLAW_clean,qmof-0221d3d
QUZVEO,QUZVEO_clean,qmof-53400dc
QUZZES,QUZZES_clean,qmof-a5c3c82
RACZIG,RACZIG_clean,qmof-a554afb
RAHBUZ,RAHBUZ_clean,qmof-ba0ebc2
RAJFAM,RAJFAM_clean,qmof-0842c6d
RALZAH,RALZAH_clean,qmof-3acbc0c
RANPAA,RANPAA_clean,qmof-08ff76f
RAPYOY,RAPYOY_clean,qmof-e7b8ba5
RAQVEM,RAQVEM_clean,qmof-6b00943
RATVEP,RATVEP_clean,qmof-7894e7a
RAXCOK,RAXCOK_clean,qmof-77d3bda
RAXDAX,RAXDAX_clean,qmof-e9c8a7c
RAYKEJ,RAYKEJ_clean,qmof-edbbc16
RAYLAG,RAYLAG_clean,qmof-237cfe7
RAYLIO,RAYLIO_clean,qmof-9430108
RAZGOQ,RAZGOQ_clean,qmof-6247dea
REGLOG,REGLOG_clean,qmof-1086d95
RELLAW,RELLAW_clean,qmof-40b4fc7
RENWEM01,RENWEM01_clean,qmof-5e593df
RESSAK,RESSAK_clean,qmof-b87071b
RESWUI01,RESWUI01_clean,qmof-cb55880
RETBEZ,RETBEZ_clean,qmof-222c44e
REYBAA,REYBAA_clean,qmof-728c062
REYCOP,REYCOP_clean,qmof-e7919bd
REYNUG01,REYNUG01_clean,qmof-7c50f50
RIPKIM01,RIPKIM01_clean,qmof-0337f66
RIPNOV,RIPNOV_clean,qmof-ac208a4
RIPNUB,RIPNUB_clean,qmof-0e0afb1
RITDAB,RITDAB_clean,qmof-e2d2c46
RITDEF,RITDEF_clean,qmof-b1e5ed5
RIVDEF,RIVDEF_clean,qmof-e4cd671
RIXBEG,RIXBEG_clean,qmof-ed9f93b
RIXBIK,RIXBIK_clean,qmof-45eb13a
RIYWED,RIYWED_clean,qmof-9e36c75
ROCZIU,ROCZIU_clean,qmof-65c237c
ROCZUG,ROCZUG_clean,qmof-cc9dbc2
RODBAP,RODBAP_clean,qmof-7cb5013
ROGMEG,ROGMEG_clean,qmof-de50972
ROGSAI,ROGSAI_clean,qmof-c8f72fc
ROJNEJ,ROJNEJ_clean,qmof-ffa5058
RORRIB,RORRIB_clean,qmof-68ccdc0
RORVAX,RORVAX_clean,qmof-d6e9742
RUBHOM,RUBHOM_clean,qmof-81f6b94
RUBHUS,RUBHUS_clean,qmof-6be1165
RUCGOM,RUCGOM_clean,qmof-a3b45b1
RUFMUA01,RUFMUA01_clean,qmof-24c9b47
RUFZID,RUFZID_clean,qmof-e23f050
RUGGUX,RUGGUX_clean,qmof-f5d380a
RUGHEI,RUGHEI_clean,qmof-bcf23d1
RUGHOS,RUGHOS_clean,qmof-f11cf25
RUGHUY,RUGHUY_clean,qmof-edddea1
RUGJAG,RUGJAG_clean,qmof-0e22315
RUGJEK,RUGJEK_clean,qmof-74c20e7
RUGKOV,RUGKOV_clean,qmof-4296a72
RUGNUE,RUGNUE_clean,qmof-ba40858
RUGPAM,RUGPAM_clean,qmof-c1553ca
RUGZAW,RUGZAW_clean,qmof-2531f43
RUHDEF,RUHDEF_clean,qmof-261717e
RUMWUS,RUMWUS_clean,qmof-8192480
RURQEB,RURQEB_clean,qmof-7981e56
RUVBER,RUVBER_clean,qmof-5763612
RUVMAX,RUVMAX_clean,qmof-2138589
RUWWOW01,RUWWOW01_clean,qmof-d0a4557
RUXKUS,RUXKUS_clean,qmof-033e78a
RUYTOW,RUYTOW_clean,qmof-dc3d8ce
SABWAU01,SABWAU01_clean,qmof-fc15503
SABWEA,SABWEA_clean,qmof-7dbddd2
SABWUQ,SABWUQ_clean,qmof-fd388d5
SABXOL,SABXOL_clean,qmof-e9e594e
SABYAY,SABYAY_clean,qmof-ddefcd4
SABYIG,SABYIG_clean,qmof-a9114c3
SABZED,SABZED_clean,qmof-00a989b
SABZON,SABZON_clean,qmof-0f5fd80
SACCAD,SACCAD_clean,qmof-b053409
SADLOA,SADLOA_clean,qmof-cd2b932
SAFZIL,SAFZIL_clean,qmof-f6baf18
SAHWEG,SAHWEG_clean,qmof-2438f1c
SAJLOH,SAJLOH_clean,qmof-4d8cdcd
SAKRAZ,SAKRAZ_clean,qmof-fa3fd9f
SAKRED,SAKRED_clean,qmof-e843058
SALLAT,SALLAT_clean,qmof-70cecaa
SALRON,SALRON_clean,qmof-418ae62
SAMLAV01,SAMLAV01_clean,qmof-1ecf90e
SAMLAV02,SAMLAV02_clean,qmof-543c417
SARBOE,SARBOE_clean,qmof-ca94f00
SARBUK,SARBUK_clean,qmof-b298211
SARGUP,SARGUP_clean,qmof-89be353
SARHAW,SARHAW_clean,qmof-22d24da
SARHEA,SARHEA_clean,qmof-32dc85c
SARSUC,SARSUC_clean,qmof-394c590
SARTAJ,SARTAJ_clean,qmof-8ada83c
SARTEN,SARTEN_clean,qmof-5948e3e
SARTIR,SARTIR_clean,qmof-b61d76e
SATBEW,SATBEW_clean,qmof-d50d945
SATCEX,SATCEX_clean,qmof-4cc46fe
SATNOR01,SATNOR01_clean,qmof-73ded45
SEGBOX,SEGBOX_clean,qmof-2c7948e
SERCEZ,SERCEZ_clean,qmof-66696cd
SERKAC,SERKAC_clean,qmof-5bd7e70
SETQUF,SETQUF_SL,qmof-b32c7d2
SINZIA,SINZIA_clean,qmof-44487d9
SIRZUQ,SIRZUQ_clean,qmof-aeff75b
SISFEH,SISFEH_clean,qmof-dcbfb65
SITTUM,SITTUM_clean,qmof-3f46332
SIVGIP,SIVGIP_clean,qmof-574737f
SIVGOV,SIVGOV_clean,qmof-2a5ad82
SIVQAR,SIVQAR_clean,qmof-f3e35fe
SIVWUR,SIVWUR_clean,qmof-3d70d00
SIWGUB,SIWGUB_clean,qmof-a42e6fd
SIWTEZ,SIWTEZ_clean,qmof-b38dbf6
SIXFIQ01,SIXFIQ01_clean,qmof-a372b4b
SIXWIH,SIXWIH_clean,qmof-289df5f
SIXWON,SIXWON_clean,qmof-52b722a
SOBZEQ,SOBZEQ_clean,qmof-d992032
SOCLAZ,SOCLAZ_clean,qmof-981d15e
SODKON,SODKON_clean,qmof-818031e
SODZIV,SODZIV_clean,qmof-00ce800
SOHGUS,SOHGUS_clean,qmof-222f47b
SOKWUM,SOKWUM_clean,qmof-60d19c2
SOMJOV,SOMJOV_clean,qmof-65cd6af
SOTWUV,SOTWUV_clean,qmof-dfc1692
SOTXAC,SOTXAC_clean,qmof-e6fa2a2
SOWCOY,SOWCOY_clean,qmof-3c64d87
SOWCOY01,SOWCOY01_clean,qmof-713e069
SUGVUM,SUGVUM_clean,qmof-18442f6
SUHHOT,SUHHOT_clean,qmof-c27ca26
SUJREV,SUJREV_clean,qmof-6e5272e
SUNJER,SUNJER_clean,qmof-cc15248
SUNJIV,SUNJIV_clean,qmof-0f322ba
SUNJOB01,SUNJOB01_clean,qmof-01ddc61
SUPLOF,SUPLOF_clean,qmof-7dfd503
SURDOA,SURDOA_clean,qmof-e397c42
SUSRUV,SUSRUV_clean,qmof-ca13f59
SUTBIT,SUTBIT_clean,qmof-235f291
SUTJIC,SUTJIC_clean,qmof-165659f
SUWCIY,SUWCIY_clean,qmof-d9b1c16
TADYII,TADYII_clean,qmof-89f6056
TAFBIN,TAFBIN_clean,qmof-503102f
TAFCIO01,TAFCIO01_clean,qmof-7960965
TAGCIP,TAGCIP_clean,qmof-2263045
TAJXIO01,TAJXIO01_clean,qmof-fa0e5b1
TAKTEH,TAKTEH_clean,qmof-3cd6c37
TAKTIL,TAKTIL_clean,qmof-3a4af0d
TAKZEN,TAKZEN_clean,qmof-54cd3fd
TAPXIT01,TAPXIT01_clean,qmof-ffa7d7a
TAXHUX,TAXHUX_clean,qmof-b2a5229
TEBYIK,TEBYIK_clean,qmof-1258c57
TEDLUK,TEDLUK_clean,qmof-9466ec6
TEJGIA01,TEJGIA01_clean,qmof-723fa00
TENLIJ,TENLIJ_clean,qmof-81909ba
TEPGUS,TEPGUS_clean,qmof-f7afbf6
TEQTAM,TEQTAM_clean,qmof-78e7cf2
TEQTEQ,TEQTEQ_clean,qmof-8975a46
TERFIH,TERFIH_clean,qmof-1590fee
TETWOG,TETWOG_clean,qmof-bf36eb9
TEWGEJ01,TEWGEJ01_clean,qmof-09ce13e
TIRLIQ,TIRLIQ_clean,qmof-9aad35b
TISNEQ,TISNEQ_clean,qmof-9350ae6
TISWEZ,TISWEZ_clean,qmof-17566c2
TIXCEK,TIXCEK_clean,qmof-844e4f4
TIXKUI,TIXKUI_clean,qmof-08ad004
TOBJUR,TOBJUR_clean,qmof-84391bd
TOBKAY,TOBKAY_clean,qmof-c4b25d6
TOBKEC,TOBKEC_clean,qmof-c6615e4
TOFQEM,TOFQEM_clean,qmof-54bab96
TOHYUM,TOHYUM_clean,qmof-42c9a8e
TOKDON,TOKDON_clean,qmof-e553694
TONBII,TONBII_clean,qmof-30870a6
TONPOD,TONPOD_clean,qmof-d4bbd73
TORJAN,TORJAN_clean,qmof-3d25299
TORKAO,TORKAO_clean,qmof-7f79cf6
TOTVOP,TOTVOP_clean,qmof-516cf1b
TOWLOI,TOWLOI_clean,qmof-3b5f49c
TOZHAR,TOZHAR_clean,qmof-0a24ace
TUBCEA,TUBCEA_clean,qmof-d376793
TUBLIN,TUBLIN_clean,qmof-fb9251e
TUDJOS,TUDJOS_clean,qmof-536d29b
TUDMAH,TUDMAH_clean,qmof-f130ab1
TUDMEL,TUDMEL_clean,qmof-fc193c1
TUFSUK,TUFSUK_clean,qmof-db5c49f
TUKDAG,TUKDAG_clean,qmof-004ecd7
TUMDEM,TUMDEM_clean,qmof-d3bbe4b
TUMQUP,TUMQUP_clean,qmof-573e052
TUPDIT01,TUPDIT01_clean,qmof-f4a5f09
TUTHOG,TUTHOG_clean,qmof-4d89bb9
UBACUX,UBACUX_clean,qmof-cc0269e
UBIPAY,UBIPAY_clean,qmof-6270723
UDANAQ,UDANAQ_clean,qmof-277fc99
UDEGIW,UDEGIW_clean,qmof-b027a49
UDEPIE,UDEPIE_clean,qmof-34afacd
UFATEA01,UFATEA01_clean,qmof-cc5bcaa
UFEVIL,UFEVIL_clean,qmof-6ce0e9c
UGAQEY,UGAQEY_clean,qmof-826d4fe
UGEPEB,UGEPEB_clean,qmof-e07df46
UGOFON,UGOFON_clean,qmof-576cfe5
UGOFUT,UGOFUT_clean,qmof-117052a
UHAXUW,UHAXUW_clean,qmof-e8fa064
UHISOU,UHISOU_clean,qmof-f5240e6
UHIYOB,UHIYOB_clean,qmof-090ef1e
UJAQUS,UJAQUS_clean,qmof-12c8a37
UJIZET,UJIZET_clean,qmof-ea1d5fa
UKAKIC,UKAKIC_clean,qmof-23dc929
UKALAV,UKALAV_clean,qmof-fbe36d5
UKALEZ,UKALEZ_clean,qmof-4995cf5
UKALID,UKALID_clean,qmof-5f110f6
UKALOJ,UKALOJ_clean,qmof-e85b2e9
UKAPUS,UKAPUS_clean,qmof-2ec307c
UKAQAZ,UKAQAZ_clean,qmof-cfae3f4
UKAQIH,UKAQIH_clean,qmof-0f390c1
UKOHIN,UKOHIN_clean,qmof-c1f9cd1
UKUBIM,UKUBIM_clean,qmof-ac8711c
UKUBUY,UKUBUY_clean,qmof-a85c892
UKUCAF,UKUCAF_clean,qmof-44ccf24
UMAQAC,UMAQAC_clean,qmof-810dc2c
UMEXUF,UMEXUF_clean,qmof-939c713
UMEXUF01,UMEXUF01_clean,qmof-d08e59b
UMORIY,UMORIY_clean,qmof-21ec5d0
UMUXAC,UMUXAC_clean,qmof-3a8ea62
UNAHEY,UNAHEY_clean,qmof-04c8310
UPIBOM,UPIBOM_clean,qmof-8794151
UPOVOL,UPOVOL_clean,qmof-d66fc4f
UQENAH,UQENAH_clean,qmof-31e0669
UQENIP,UQENIP_clean,qmof-da85500
UQOGAK,UQOGAK_clean,qmof-554fc14
UQUHAQ,UQUHAQ_clean,qmof-68d2a22
UQULAU,UQULAU_clean,qmof-f0067ee
URUWAH,URUWAH_clean,qmof-eda34e0
USOXEH,USOXEH_clean,qmof-57de99b
USUBUG,USUBUG_clean,qmof-f75eb5a
USUQOQ,USUQOQ_clean,qmof-96ce711
UTELIQ,UTELIQ_clean,qmof-88fce3b
UTEMAJ,UTEMAJ_clean,qmof-6e4f021
UVAROZ,UVAROZ_clean,qmof-2522081
UVEVEX,UVEVEX_clean,qmof-292f4be
UVUPOR,UVUPOR_clean,qmof-391d6b2
UVUPUX,UVUPUX_clean,qmof-de01c79
UVUQAE,UVUQAE_clean,qmof-65b3da9
UWUTIQ,UWUTIQ_clean,qmof-cd2e621
UXABOL,UXABOL_clean,qmof-89fcba3
UXABUR,UXABUR_clean,qmof-05d6902
UXEHIP,UXEHIP_clean,qmof-d0ed08c
UYAPOA,UYAPOA_clean,qmof-2ff6bbd
UYAQAN,UYAQAN_clean,qmof-c1bb21a
UYAQER,UYAQER_clean,qmof-2f0e952
UYOFIY,UYOFIY_clean,qmof-af37413
UYUGEC,UYUGEC_clean,qmof-eb9b4b0
UZANAL,UZANAL_clean,qmof-4a20393
UZANEP,UZANEP_clean,qmof-95a42fb
UZATAR,UZATAR_clean,qmof-3adcede
UZUNAF01,UZUNAF01_clean,qmof-9ef9d8f
VACFOV01,VACFOV01_clean,qmof-700d2d4
VAGMIB01,VAGMIB01_clean,qmof-66d9aa7
VAHVOR,VAHVOR_clean,qmof-3f2647a
VAJHIA,VAJHIA_clean,qmof-0574750
VAJTUX,VAJTUX_clean,qmof-c7e6e15
VAMQAE,VAMQAE_clean,qmof-c47a25a
VAMQUY,VAMQUY_clean,qmof-c429dbc
VAPROW,VAPROW_clean,qmof-af9803a
VAQSEO,VAQSEO_clean,qmof-a911b2f
VASGII,VASGII_clean,qmof-3fc9985
VASKOR,VASKOR_clean,qmof-8ef3f6d
VATVUK,VATVUK_clean,qmof-b5e016a
VAZKUE,VAZKUE_clean,qmof-0e8e396
VAZLIT,VAZLIT_clean,qmof-7e5ab0e
VAZLOZ,VAZLOZ_clean,qmof-b993fee
VAZLUF,VAZLUF_clean,qmof-7f3ae47
VAZMAM,VAZMAM_clean,qmof-87f81b7
VAZMEQ,VAZMEQ_clean,qmof-790e2d4
VAZMIU,VAZMIU_clean,qmof-80b4f23
VAZMOA,VAZMOA_clean,qmof-e4e6540
VAZROF,VAZROF_clean,qmof-27cac2c
VEDGIW,VEDGIW_clean,qmof-b77a192
VEGXIQ01,VEGXIQ01_clean,qmof-f05b03d
VEGYIR,VEGYIR_clean,qmof-5f3eef5
VEHPUU,VEHPUU_clean,qmof-e8c0218
VEHRIL,VEHRIL_clean,qmof-3c02628
VEJYIT,VEJYIT_clean,qmof-e2457bc
VEJYUF01,VEJYUF01_clean,qmof-cb56c2e
VETTOE,VETTOE_clean,qmof-647cdef
VILXUK,VILXUK_clean,qmof-17796cb
VIPXUO,VIPXUO_clean,qmof-d45e712
VIRVEY,VIRVEY_clean,qmof-cda0d58
VISTUM,VISTUM_clean,qmof-897cb31
VITHIR,VITHIR_clean,qmof-523147b
VIVSEA,VIVSEA_clean,qmof-e866848
VIVSIE,VIVSIE_clean,qmof-255c456
VIVXOP,VIVXOP_clean,qmof-fc6f521
VIWHUG,VIWHUG_clean,qmof-940ed95
VIXTUT,VIXTUT_clean,qmof-41984f8
VIXVUV,VIXVUV_clean,qmof-1f78c54
VIYMAT,VIYMAT_clean,qmof-8c5f14e
VIYZIO01,VIYZIO01_clean,qmof-dd80992
VOBQEK,VOBQEK_clean,qmof-cb7fcfc
VOCXUH,VOCXUH_clean,qmof-605c8c0
VONBIK,VONBIK_clean,qmof-d8487fa
VOPHUF,VOPHUF_clean,qmof-8990774
VOQWUV,VOQWUV_clean,qmof-d486ca7
VORBUA,VORBUA_clean,qmof-4c590f1
VOXQIK,VOXQIK_clean,qmof-95de84b
VOYBOC,VOYBOC_clean,qmof-406165e
VUKRUQ,VUKRUQ_clean,qmof-30f3806
VUQJUN,VUQJUN_clean,qmof-8ec9f3b
VURMOL,VURMOL_clean,qmof-67dc5d7
VURYIR,VURYIR_clean,qmof-93f3467
VURYOX,VURYOX_clean,qmof-9632972
WAHFUJ01,WAHFUJ01_clean,qmof-d726164
WAHGIY,WAHGIY_clean,qmof-d57af13
WAJJAU,WAJJAU_clean,qmof-0813a12
WALBOC01,WALBOC01_clean,qmof-749c66a
WALCIX,WALCIX_clean,qmof-4b36f84
WAMRIN01,WAMRIN01_clean,qmof-7249034
WAMRIN02,WAMRIN02_clean,qmof-0cd6df8
WARJAC,WARJAC_clean,qmof-dbd5be4
WASNIO,WASNIO_clean,qmof-a3b44f3
WATPIT,WATPIT_clean,qmof-b68fc3d
WAWGOQ,WAWGOQ_clean,qmof-614da5d
WECFAN,WECFAN_clean,qmof-9e2ce18
WECFAN01,WECFAN01_clean,qmof-e78a509
WECJAR,WECJAR_clean,qmof-4836169
WEFXIQ,WEFXIQ_clean,qmof-8f8e33d
WEFZIS,WEFZIS_clean,qmof-c1d9375
WEGGAS,WEGGAS_clean,qmof-d049b42
WEMBUN,WEMBUN_clean,qmof-c0c714d
WEMCAU,WEMCAU_clean,qmof-e9af69c
WEMDID,WEMDID_clean,qmof-a64dc4b
WEMDOJ,WEMDOJ_clean,qmof-e17dc0f
WEMFAX,WEMFAX_clean,qmof-f652bd3
WEMFEB,WEMFEB_clean,qmof-cc51504
WEMFIF,WEMFIF_clean,qmof-a023ef5
WEMFOL,WEMFOL_clean,qmof-020f390
WEMXIX,WEMXIX_clean,qmof-0f4c4fd
WENSIS,WENSIS_clean,qmof-7aa58f3
WEXNIW,WEXNIW_clean,qmof-7d23e4a
WIDZOA,WIDZOA_clean,qmof-4e43c11
WIDZUG,WIDZUG_clean,qmof-2fc5095
WIFBAQ,WIFBAQ_clean,qmof-a0717aa
WIFGOJ,WIFGOJ_clean,qmof-3e52d5d
WIHCUM,WIHCUM_clean,qmof-235700c
WILHIK,WILHIK_clean,qmof-def59b5
WIQRUL,WIQRUL_clean,qmof-a3d9f1e
WISVEB,WISVEB_clean,qmof-cc610f8
WOBHEB,WOBHEB_clean,qmof-d8336ab
WOBHIF01,WOBHIF01_clean,qmof-1e81b2d
WOBHOM,WOBHOM_clean,qmof-09376af
WODRAK,WODRAK_clean,qmof-bb912e7
WODROY,WODROY_clean,qmof-ad40882
WOGHEG,WOGHEG_clean,qmof-360dd73
WOHBIF,WOHBIF_clean,qmof-4c5e636
WOHBOL,WOHBOL_clean,qmof-267b04e
WOHSIV,WOHSIV_clean,qmof-8ce9fa1
WOHSOB,WOHSOB_clean,qmof-c47ef25
WOMCUY,WOMCUY_clean,qmof-ccd6f85
WONKOB,WONKOB_clean,qmof-39f5039
WONXIH,WONXIH_clean,qmof-11bd7e7
WOPHEQ,WOPHEQ_clean,qmof-d8bdba8
WOQTUT,WOQTUT_clean,qmof-ac134b6
WORNEY,WORNEY_clean,qmof-4ac688c
WORREC,WORREC_clean,qmof-b9be990
WORSUT,WORSUT_clean,qmof-a40de84
WORTAA,WORTAA_clean,qmof-58a8f42
WOTSEF,WOTSEF_clean,qmof-8cc5219
WOWNED,WOWNED_clean,qmof-b80a30e
WUCWIC,WUCWIC_clean,qmof-3f035fa
WUFSAT,WUFSAT_clean,qmof-41551cc
WUHJIT,WUHJIT_clean,qmof-e874e0c
WUPMOL,WUPMOL_clean,qmof-3602012
WUTBOC,WUTBOC_clean,qmof-aa8159f
WUYWAQ,WUYWAQ_clean,qmof-f8b6fb6
WUZGEF01,WUZGEF01_clean,qmof-76880c0
XADDAJ01,XADDAJ01_clean,qmof-5a4605f
XADFEP,XADFEP_clean,qmof-5d6869e
XAFXOT,XAFXOT_clean,qmof-7f7b053
XAGPUT,XAGPUT_clean,qmof-249932b
XAHROQ,XAHROQ_clean,qmof-fe43f92
XAKQIL,XAKQIL_clean,qmof-86b8af1
XAKRAE,XAKRAE_clean,qmof-72d2060
XALMOO,XALMOO_clean,qmof-2bd5e0f
XALROT,XALROT_clean,qmof-6cf1500
XALTOV,XALTOV_clean,qmof-b5b3f3e
XALVOY,XALVOY_clean,qmof-6236cc7
XAPGOK,XAPGOK_clean,qmof-b7cf313
XARCEB,XARCEB_clean,qmof-08021a9
XEDPIH,XEDPIH_clean,qmof-24d1d89
XEDPON,XEDPON_clean,qmof-7979b73
XEGJOK,XEGJOK_clean,qmof-f199346
XEGKEB,XEGKEB_clean,qmof-db62327
XEGKIF,XEGKIF_clean,qmof-a487143
XEHFUL,XEHFUL_clean,qmof-ff37c01
XEHTUB,XEHTUB_clean,qmof-1ef53a0
XEJVOZ,XEJVOZ_clean,qmof-b9ce77a
XEJWUG,XEJWUG_clean,qmof-e5ef965
XEKMIL,XEKMIL_clean,qmof-5277d51
XENKIM,XENKIM_clean,qmof-6d6cff3
XEQGEH,XEQGEH_clean,qmof-d419baa
XEQLEM,XEQLEM_clean,qmof-da3b4fb
XEQRAO,XEQRAO_clean,qmof-2f63607
XESKAJ,XESKAJ_clean,qmof-691b73e
XEWRUO,XEWRUO_clean,qmof-e50605b
XEXMEU,XEXMEU_clean,qmof-3fcf6ee
XEXNEV,XEXNEV_clean,qmof-c7376df
XIDBUJ,XIDBUJ_clean,qmof-8f5113c
XIFHIF,XIFHIF_clean,qmof-136dedd
XIHRIQ,XIHRIQ_clean,qmof-9a34843
XILVEV,XILVEV_clean,qmof-4481da3
XILVIZ,XILVIZ_clean,qmof-757e44b
XIMPOA01,XIMPOA01_clean,qmof-2a42bc4
XINWUO,XINWUO_clean,qmof-a933ee1
XIPBOO,XIPBOO_clean,qmof-fdf910e
XIPTAS,XIPTAS_clean,qmof-9c02f4e
XIPTIA,XIPTIA_clean,qmof-4dc80e6
XISPEW01,XISPEW01_clean,qmof-f0fd7ea
XOCWET,XOCWET_clean,qmof-6526591
XOCWIX,XOCWIX_clean,qmof-c43eb20
XOCWOD,XOCWOD_clean,qmof-4eb4dda
XOCWUJ,XOCWUJ_clean,qmof-38ae05d
XOKHAH,XOKHAH_clean,qmof-4fe6fe2
XOKHOW,XOKHOW_clean,qmof-5264930
XOPMIA,XOPMIA_clean,qmof-7993762
XOPVII,XOPVII_clean,qmof-4ef2bab
XORGUI,XORGUI_clean,qmof-42d2469
XOTXUB,XOTXUB_clean,qmof-e6e8ebf
XOVVOU,XOVVOU_clean,qmof-3c064d3
XOVYUD,XOVYUD_clean,qmof-3b83143
XUDNAN,XUDNAN_clean,qmof-f21d595
XUDYEC,XUDYEC_clean,qmof-5b7ffc4
XUGDOU,XUGDOU_clean,qmof-a831c79
XUJCUB,XUJCUB_clean,qmof-7d6a409
XUKLAS,XUKLAS_clean,qmof-02321e4
XULGUI,XULGUI_clean,qmof-38415c5
XUMNEA,XUMNEA_clean,qmof-f786c31
XUMTUV,XUMTUV_clean,qmof-83a2b21
XUMVAD,XUMVAD_clean,qmof-de6e290
XUMVEH,XUMVEH_clean,qmof-44bd001
XUMVOS,XUMVOS_clean,qmof-12380d1
XUNHAQ,XUNHAQ_clean,qmof-3c9f875
XUNJEW,XUNJEW_clean,qmof-b8f9178
XUNSAC,XUNSAC_clean,qmof-e0a1a1a
XUNTEH,XUNTEH_clean,qmof-d9f5423
XUNTIL,XUNTIL_clean,qmof-9c173b5
XUVHEB,XUVHEB_clean,qmof-ad45166
XUVPAH,XUVPAH_clean,qmof-12930dd
XUYDIF,XUYDIF_clean,qmof-c0462ed
XUYXAR,XUYXAR_clean,qmof-da6d7b3
YAFGAP,YAFGAP_clean,qmof-d6c04d9
YAHPED,YAHPED_clean,qmof-d1565a5
YAKBOE,YAKBOE_clean,qmof-5414b76
YAMXOC,YAMXOC_clean,qmof-06caa98
YARDEC,YARDEC_clean,qmof-b10bfd5
YARDIG,YARDIG_clean,qmof-5c10cb7
YARFII,YARFII_clean,qmof-da91702
YARKAF,YARKAF_clean,qmof-2418d4d
YARKEJ,YARKEJ_clean,qmof-cbc7be9
YARSAN,YARSAN_clean,qmof-c7d2f8a
YARSIV,YARSIV_clean,qmof-f758424
YARYEV,YARYEV_clean,qmof-0138e8e
YARYOF,YARYOF_clean,qmof-fa9db14
YASPEP,YASPEP_clean,qmof-7cec3d5
YATLEN,YATLEN_clean,qmof-6d28282
YAZWOM,YAZWOM_clean,qmof-ac12371
YAZZAC,YAZZAC_clean,qmof-eaed70a
YAZZEG,YAZZEG_clean,qmof-5017b88
YERJEL,YERJEL_clean,qmof-7aca348
YEYBOV,YEYBOV_clean,qmof-12c6f50
YEZFIU,YEZFIU_clean,qmof-22ea14a
YINCEF,YINCEF_clean,qmof-80b8de3
YINCIJ,YINCIJ_clean,qmof-a6cc8b6
YIRHEO,YIRHEO_clean,qmof-d170de1
YIXZAI,YIXZAI_clean,qmof-76fb294
YIZCAN,YIZCAN_clean,qmof-af22f59
YIZCER,YIZCER_clean,qmof-00717e8
YOCMAF,YOCMAF_clean,qmof-1ac9244
YOCSEQ,YOCSEQ_clean,qmof-56158f0
YOPNUO,YOPNUO_clean,qmof-5edee51
YOPPAW,YOPPAW_clean,qmof-b70be0f
YORQAZ,YORQAZ_clean,qmof-f2f8a20
YOVPEG,YOVPEG_clean,qmof-e687361
YOVXEO,YOVXEO_clean,qmof-6f631c0
YOYWEQ,YOYWEQ_clean,qmof-1a6cb27
YOZSAJ,YOZSAJ_clean,qmof-50f1fb4
YOZYOD,YOZYOD_clean,qmof-f850962
YUBFUX,YUBFUX_clean,qmof-68977d1
YUGZEG,YUGZEG_clean,qmof-03a39a4
YUKBIP,YUKBIP_clean,qmof-723a15f
YUKKAS,YUKKAS_clean,qmof-96bf208
YUKWOS,YUKWOS_clean,qmof-8161061
YUKWUY,YUKWUY_clean,qmof-a058edc
YUKXAF,YUKXAF_clean,qmof-59e5276
YUKXEJ,YUKXEJ_clean,qmof-2a07f3f
YUMFES,YUMFES_clean,qmof-4994fff
YUNJOI,YUNJOI_clean,qmof-da36c6b
YUQDUL,YUQDUL_clean,qmof-3b8de98
YUQQEI,YUQQEI_clean,qmof-ed987cc
YUSGID,YUSGID_clean,qmof-bd0f18d
YUVSUE,YUVSUE_clean,qmof-806f8b5
YUXXOG,YUXXOG_clean,qmof-5ee1c58
YUYBIF,YUYBIF_clean,qmof-5111bf8
YUZBIG,YUZBIG_clean,qmof-996e911
YUZBUS,YUZBUS_clean,qmof-af3d545
YUZCAZ,YUZCAZ_clean,qmof-0fe19f1
YUZCED,YUZCED_clean,qmof-ddf635d
YUZRIW,YUZRIW_clean,qmof-fd009d5
ZAGFOF,ZAGFOF_clean,qmof-52799e2
ZARZAV,ZARZAV_clean,qmof-188f4cb
ZASJAG,ZASJAG_clean,qmof-8f9ddb5
ZAZBUZ,ZAZBUZ_clean,qmof-521f649
ZEDROR,ZEDROR_clean,qmof-810b64d
ZEFVOX,ZEFVOX_clean,qmof-6f33e62
ZERNAN,ZERNAN_clean,qmof-1454598
ZERNIV,ZERNIV_clean,qmof-746261e
ZERNOB,ZERNOB_clean,qmof-03b9788
ZERQOE,ZERQOE_clean,qmof-c441e76
ZESTIC01,ZESTIC01_clean,qmof-a577407
ZESZEE,ZESZEE_clean,qmof-4b4a465
ZETPUL,ZETPUL_clean,qmof-1bf7afd
ZETQAS,ZETQAS_clean,qmof-abe1837
ZETQIA,ZETQIA_clean,qmof-98dead6
ZEXKUK,ZEXKUK_clean,qmof-41aaa63
ZEZPUR,ZEZPUR_clean,qmof-8b8a7da
ZEZQAY,ZEZQAY_clean,qmof-2ba170a
ZEZQEC,ZEZQEC_clean,qmof-4b8c0f7
ZIBGIC,ZIBGIC_clean,qmof-83718f1
ZIDVAL,ZIDVAL_clean,qmof-d4eb674
ZIGFEC,ZIGFEC_clean,qmof-7338e21
ZIKJIO,ZIKJIO_clean,qmof-f91dbb9
ZIWMEZ,ZIWMEZ_clean,qmof-a7c590f
ZIYPUU,ZIYPUU_clean,qmof-026e9ca
ZIYQAB,ZIYQAB_clean,qmof-d94dea9
ZOHBEF,ZOHBEF_clean,qmof-b0024a4
ZOHBUV,ZOHBUV_clean,qmof-6c062e2
ZOMNEW,ZOMNEW_clean,qmof-04b4379
ZOMNUM,ZOMNUM_clean,qmof-9a68425
ZOXTEN,ZOXTEN_clean,qmof-7ee5feb
ZOXTIR,ZOXTIR_clean,qmof-afd2c56
ZOXTOX,ZOXTOX_clean,qmof-78ef147
ZOXVEP,ZOXVEP_clean,qmof-31364b1
ZOZHON,ZOZHON_clean,qmof-b6395f5
ZOZSEO,ZOZSEO_clean,qmof-191c12e
ZOZZAR,ZOZZAR_clean,qmof-3d45a02
ZUBKEO,ZUBKEO_clean,qmof-f80342c
ZURLAB,ZURLAB_clean,qmof-40f5c75
ZUSBIA,ZUSBIA_clean,qmof-1d483e8
ZUSBOG,ZUSBOG_clean,qmof-da4f926
ZUYLOW,ZUYLOW_clean,qmof-2f6a6a9
